Berries;"Altenwerth and Sons"
"Cottage Cheese";"Altenwerth and Sons"
Nuts;"Altenwerth and Sons"
Pork;"Altenwerth and Sons"
Redfish;"Altenwerth and Sons"
Rockmelon;"Altenwerth and Sons"
"Rye Bread";"Altenwerth and Sons"
Shark;"Altenwerth and Sons"
"Dried Apricots";"Altenwerth and Sons"
"Hokkien Noodles";"Altenwerth and Sons"
Kombu;"Altenwerth and Sons"
"Sunflower Seeds";"Altenwerth and Sons"
Tahini;"Altenwerth and Sons"
"Tapioca Flour";"Altenwerth and Sons"
"Apple Cider Vinegar";"Altenwerth and Sons"
Loquats;"Altenwerth and Sons"
Provolone;"Altenwerth and Sons"
Tarragon;"Altenwerth and Sons"
Butter;"Altenwerth and Sons"
"Green Tea Noodles";"Altenwerth and Sons"
Parsnip;"Altenwerth and Sons"
Warehou;"Altenwerth and Sons"
"Flat Mushrooms";"Aufderhar, Mosciski and Smith"
Nuts;"Aufderhar, Mosciski and Smith"
Peas;"Aufderhar, Mosciski and Smith"
Spinach;"Aufderhar, Mosciski and Smith"
Cornmeal;"Aufderhar, Mosciski and Smith"
"Rose Water";"Aufderhar, Mosciski and Smith"
Cardamom;"Aufderhar, Mosciski and Smith"
"Green Tea Noodles";"Aufderhar, Mosciski and Smith"
Lychees;"Aufderhar, Mosciski and Smith"
"Black Eyed Beans";"Aufderhar, Mosciski and Smith"
Achacha;"Aufderhar, Mosciski and Smith"
Plums;"Aufderhar, Mosciski and Smith"
"Sunflower Seeds";"Aufderhar, Mosciski and Smith"
Apples;"Bahringer LLC"
Butter;"Bahringer LLC"
Cacao;"Bahringer LLC"
"Corn Oil";"Bahringer LLC"
"Cream Cheese";"Bahringer LLC"
Oatmeal;"Bahringer LLC"
"Smoked Trout";"Bahringer LLC"
"Soy Beans";"Bahringer LLC"
"Baking Powder";"Bahringer LLC"
Bonza;"Bahringer LLC"
Peas;"Bahringer LLC"
Strawberries;"Bahringer LLC"
"Extra Virgin Olive Oil";"Bahringer LLC"
"Flaxseed Oil";"Bahringer LLC"
"Rye Bread";"Bahringer LLC"
Soymilk;"Bahringer LLC"
"William Pear";"Bahringer LLC"
"Cottage Cheese";"Becker, Considine and Koelpin"
"Flaxseed Oil";"Becker, Considine and Koelpin"
Tahini;"Becker, Considine and Koelpin"
"Black Eyed Beans";"Becker, Considine and Koelpin"
"Curry Powder";"Becker, Considine and Koelpin"
Feta;"Becker, Considine and Koelpin"
"Jasmine Rice";"Becker, Considine and Koelpin"
"Vegetable Oil";"Becker, Considine and Koelpin"
"Pecan Nut";"Becker, Considine and Koelpin"
"Soy Beans";"Becker, Considine and Koelpin"
"Baking Powder";Berge-Parker
"Vegetable Stock";Berge-Parker
"Canola Oil";Berge-Parker
"Coriander Leaves";Berge-Parker
"Curry Powder";Berge-Parker
"Flaxseed Oil";Berge-Parker
Tamarillo;Berge-Parker
"Nutritional Yeast";Berge-Parker
Pork;Berge-Parker
"Smoked Trout";Berge-Parker
"Rose Water";Berge-Parker
"Vegetable Oil";Berge-Parker
Provolone;"Blanda and Sons"
"Soy Beans";"Blanda and Sons"
"Flaxseed Oil";"Blanda and Sons"
Lychees;"Blanda and Sons"
Mastic;"Blanda and Sons"
"Baking Powder";"Blanda and Sons"
Berries;"Blanda and Sons"
"Black Eyed Beans";"Blanda and Sons"
Tahini;"Blanda and Sons"
"Tapioca Flour";"Blanda and Sons"
"Baking Powder";Blick-Bartell
Beef;Blick-Bartell
Berries;Blick-Bartell
"Black Eyed Beans";Blick-Bartell
Feta;Blick-Bartell
Tahini;Blick-Bartell
Cauliflower;Blick-Bartell
Cornmeal;Blick-Bartell
"Rice Flour";Blick-Bartell
"Rose Water";Blick-Bartell
Soymilk;Blick-Bartell
Achacha;Blick-Bartell
Oatmeal;Blick-Bartell
Parsnip;Blick-Bartell
Peas;Blick-Bartell
Redfish;Blick-Bartell
"Rice Noodles";Blick-Bartell
"Chia Seeds";Blick-Bartell
"Extra Virgin Olive Oil";Blick-Bartell
"Iceberg Lettuce";Blick-Bartell
Provolone;Blick-Bartell
"Tapioca Flour";Blick-Bartell
Bonza;Blick-Bartell
Butter;Blick-Bartell
"Cream Cheese";Blick-Bartell
Strawberries;Blick-Bartell
"Flat Mushrooms";Bosco-Bayer
"Bean Sprouts";Bosco-Bayer
Elderberry;Bosco-Bayer
Saffron;Bosco-Bayer
Ham;"Botsford Inc"
Tarragon;"Botsford Inc"
Rockmelon;"Botsford Inc"
Parsnip;"Botsford Inc"
Tahini;"Botsford Inc"
Lychees;"Botsford Inc"
Tamarillo;"Botsford Inc"
"Flaxseed Oil";"Botsford Inc"
Mastic;"Botsford Inc"
"Cream Cheese";Braun-Wunsch
"Sunflower Oil";Braun-Wunsch
Bacon;Braun-Wunsch
Tahini;Braun-Wunsch
Turnips;Braun-Wunsch
Beef;Braun-Wunsch
Elderberry;Braun-Wunsch
Achacha;Braun-Wunsch
"Corn Oil";"Breitenberg Group"
"Pecan Nut";"Breitenberg Group"
"Vegetable Stock";"Breitenberg Group"
"Black Eyed Beans";"Breitenberg Group"
Turnips;"Breitenberg Group"
Peas;"Breitenberg Group"
Spinach;"Breitenberg Group"
"Flat Mushrooms";"Brown Group"
Nuts;"Brown Group"
"Corn Oil";"Brown Group"
Kidneys;"Brown Group"
"Nutritional Yeast";"Brown Group"
Parsnip;"Brown Group"
Tarragon;"Brown Group"
"Dried Apricots";"Brown Group"
"Sunflower Seeds";"Brown Group"
"Cottage Cheese";"Brown Group"
"Flaxseed Oil";"Brown Group"
"Black Eyed Beans";Bruen-Jaskolski
"Corn Oil";Bruen-Jaskolski
"Pear Juice";Bruen-Jaskolski
Tahini;Bruen-Jaskolski
"Vegetable Stock";Bruen-Jaskolski
Kidneys;Bruen-Jaskolski
Lychees;Bruen-Jaskolski
"Cottage Cheese";Bruen-Jaskolski
Silverbeet;Bruen-Jaskolski
"Flat Mushrooms";Champlin-Kemmer
"Nutritional Yeast";Champlin-Kemmer
Peas;Champlin-Kemmer
Redfish;Champlin-Kemmer
"Taleggio Cheese";Champlin-Kemmer
Nuts;Champlin-Kemmer
Soymilk;Champlin-Kemmer
Spinach;Champlin-Kemmer
Berries;Champlin-Kemmer
"Cottage Cheese";Champlin-Kemmer
Pork;Champlin-Kemmer
Rockmelon;Champlin-Kemmer
"Rye Bread";Champlin-Kemmer
Shark;Champlin-Kemmer
Achacha;Champlin-Kemmer
Camomile;Champlin-Kemmer
"Pecan Nut";Champlin-Kemmer
Plums;Champlin-Kemmer
"Sunflower Seeds";Champlin-Kemmer
Tarragon;Champlin-Kemmer
"Vegetable Oil";Champlin-Kemmer
Achacha;"Cole Group"
Camomile;"Cole Group"
Nuts;"Cole Group"
"Pecan Nut";"Cole Group"
Plums;"Cole Group"
"Sunflower Seeds";"Cole Group"
Tarragon;"Cole Group"
"Vegetable Oil";"Cole Group"
"Flaxseed Oil";"Cole Group"
Lychees;"Cole Group"
Mastic;"Cole Group"
Strawberries;"Cole Group"
Apples;"Cole Group"
Apricots;"Cole Group"
Cornmeal;"Cole Group"
"Pear Juice";"Cole Group"
Silverbeet;"Cole Group"
Wakame;"Cole Group"
Freekeh;"Cole Group"
Parsnip;"Cole Group"
Redfish;"Cole Group"
Spinach;"Cole Group"
"Baking Powder";"Cole Group"
"Extra Virgin Olive Oil";"Cole Group"
Peas;"Cole Group"
"Rye Bread";"Cole Group"
Soymilk;"Cole Group"
"William Pear";"Cole Group"
Freekeh;"Cremin Inc"
Lychees;"Cremin Inc"
"Pecan Nut";"Cremin Inc"
Plums;"Cremin Inc"
"Baking Powder";"Cremin Inc"
Peas;"Cremin Inc"
Apples;Cruickshank-Franecki
Butter;Cruickshank-Franecki
Cacao;Cruickshank-Franecki
"Corn Oil";Cruickshank-Franecki
"Cream Cheese";Cruickshank-Franecki
Oatmeal;Cruickshank-Franecki
"Smoked Trout";Cruickshank-Franecki
"Soy Beans";Cruickshank-Franecki
"Baking Powder";Cruickshank-Franecki
"Bean Sprouts";Cruickshank-Franecki
"Pear Juice";Cruickshank-Franecki
"William Pear";Cruickshank-Franecki
Kombu;Cruickshank-Franecki
Mahlab;Cruickshank-Franecki
Provolone;Cruickshank-Franecki
Soymilk;Cruickshank-Franecki
Strawberries;Cruickshank-Franecki
Tamarillo;Cruickshank-Franecki
Tarragon;Cruickshank-Franecki
Apricots;"Cummings, O'Hara and Casper"
"Hokkien Noodles";"Cummings, O'Hara and Casper"
Nuts;"Cummings, O'Hara and Casper"
Parsnip;"Cummings, O'Hara and Casper"
"Rice Noodles";"Cummings, O'Hara and Casper"
"Cream Cheese";"Cummings, O'Hara and Casper"
"Pear Juice";"Cummings, O'Hara and Casper"
"William Pear";"Cummings, O'Hara and Casper"
"Apple Cider Vinegar";"Dare LLC"
Loquats;"Dare LLC"
Pork;"Dare LLC"
Tarragon;"Dare LLC"
"Vegetable Stock";"Dare LLC"
Bonza;"Dare LLC"
"Chia Seeds";"Dare, Hoppe and Moore"
Cornmeal;"Dare, Hoppe and Moore"
"Extra Virgin Olive Oil";"Dare, Hoppe and Moore"
"Iceberg Lettuce";"Dare, Hoppe and Moore"
Provolone;"Dare, Hoppe and Moore"
"Tapioca Flour";"Dare, Hoppe and Moore"
Achacha;"Dare, Hoppe and Moore"
"Cream Cheese";"Dare, Hoppe and Moore"
"Dried Apricots";"Dare, Hoppe and Moore"
"Pecan Nut";"Dare, Hoppe and Moore"
Shark;"Dare, Hoppe and Moore"
Strawberries;"Dare, Hoppe and Moore"
Turnips;"Dare, Hoppe and Moore"
Apples;"Dare, Hoppe and Moore"
Apricots;"Dare, Hoppe and Moore"
"Pear Juice";"Dare, Hoppe and Moore"
Plums;"Dare, Hoppe and Moore"
Silverbeet;"Dare, Hoppe and Moore"
Wakame;"Dare, Hoppe and Moore"
"Black Eyed Beans";"Dare, Hoppe and Moore"
Cardamom;"Dare, Hoppe and Moore"
"Hokkien Noodles";"Dare, Hoppe and Moore"
Warehou;"Dare, Hoppe and Moore"
"William Pear";"Dare, Hoppe and Moore"
"Apple Cider Vinegar";"Dare, Hoppe and Moore"
Loquats;"Dare, Hoppe and Moore"
Pork;"Dare, Hoppe and Moore"
Tarragon;"Dare, Hoppe and Moore"
"Rose Water";Deckow-Kihn
Lychees;Deckow-Kihn
"Sunflower Seeds";Deckow-Kihn
Warehou;Deckow-Kihn
Berries;Deckow-Kihn
Kombu;Deckow-Kihn
Freekeh;Dickens-Ortiz
Parsnip;Dickens-Ortiz
Spinach;Dickens-Ortiz
"Rose Water";Dickens-Ortiz
Saffron;Dickens-Ortiz
"Smoked Trout";Dickens-Ortiz
"Soy Beans";Dickens-Ortiz
"Vegetable Oil";Dickens-Ortiz
Achacha;Dickens-Ortiz
"Corn Oil";Dickens-Ortiz
"Cottage Cheese";Dickens-Ortiz
"Omega Spread";Dickens-Ortiz
Tinned;Dickens-Ortiz
"Corn Oil";"Dietrich Inc"
"Nutritional Yeast";"Dietrich Inc"
Peas;"Dietrich Inc"
"Rose Water";"Dietrich Inc"
Shark;"Dietrich Inc"
Oatmeal;"Dietrich Inc"
"Rice Noodles";"Dietrich Inc"
Freekeh;"Dietrich Inc"
"Jasmine Rice";"Dietrich Inc"
"Bean Sprouts";"Ernser, Champlin and Halvorson"
"Extra Virgin Olive Oil";"Ernser, Champlin and Halvorson"
Oatmeal;"Ernser, Champlin and Halvorson"
Provolone;"Ernser, Champlin and Halvorson"
Silverbeet;"Ernser, Champlin and Halvorson"
"Soy Beans";"Ernser, Champlin and Halvorson"
"Baking Powder";"Ernser, Champlin and Halvorson"
"Cream Cheese";"Ernser, Champlin and Halvorson"
"Pear Juice";"Ernser, Champlin and Halvorson"
"William Pear";"Ernser, Champlin and Halvorson"
Achacha;"Ernser, Champlin and Halvorson"
"Black Eyed Beans";"Ernser, Champlin and Halvorson"
Rockmelon;"Ernser, Champlin and Halvorson"
"Tapioca Flour";"Ernser, Champlin and Halvorson"
"Corn Oil";"Ernser, Champlin and Halvorson"
Ham;"Ernser, Champlin and Halvorson"
Kidneys;"Ernser, Champlin and Halvorson"
"Nutritional Yeast";"Ernser, Champlin and Halvorson"
Parsnip;"Ernser, Champlin and Halvorson"
Peas;"Ernser, Champlin and Halvorson"
"Rose Water";"Ernser, Champlin and Halvorson"
Shark;"Ernser, Champlin and Halvorson"
Bonza;"Ernser, Champlin and Halvorson"
Butter;"Ernser, Champlin and Halvorson"
Strawberries;"Ernser, Champlin and Halvorson"
Achacha;Fadel-Jast
"Baking Powder";Fadel-Jast
"Black Eyed Beans";Fadel-Jast
Rockmelon;Fadel-Jast
"Tapioca Flour";Fadel-Jast
"Dried Apricots";Fadel-Jast
"Hokkien Noodles";Fadel-Jast
Kombu;Fadel-Jast
"Rye Bread";Fadel-Jast
"Sunflower Seeds";Fadel-Jast
Tahini;Fadel-Jast
Apricots;Fadel-Jast
Berries;Fadel-Jast
Cardamom;Fadel-Jast
Freekeh;Fadel-Jast
Lychees;Fadel-Jast
Parsnip;Fadel-Jast
Redfish;Fadel-Jast
Spinach;Fadel-Jast
Strawberries;Fadel-Jast
Apples;"Feest, Sporer and Bosco"
Butter;"Feest, Sporer and Bosco"
Cacao;"Feest, Sporer and Bosco"
"Corn Oil";"Feest, Sporer and Bosco"
"Cream Cheese";"Feest, Sporer and Bosco"
Oatmeal;"Feest, Sporer and Bosco"
"Smoked Trout";"Feest, Sporer and Bosco"
"Soy Beans";"Feest, Sporer and Bosco"
Cinnamon;"Feest, Sporer and Bosco"
Parsnip;"Feest, Sporer and Bosco"
Soymilk;"Feest, Sporer and Bosco"
"Sunflower Oil";"Feest, Sporer and Bosco"
Tarragon;"Feest, Sporer and Bosco"
"Baking Powder";"Feest, Sporer and Bosco"
Bonza;"Feest, Sporer and Bosco"
Peas;"Feest, Sporer and Bosco"
Strawberries;"Feest, Sporer and Bosco"
Ham;Feest-Bode
Kidneys;Feest-Bode
Kombu;Feest-Bode
Tarragon;Feest-Bode
Tinned;Feest-Bode
"Apple Cider Vinegar";Feest-Bode
Loquats;Feest-Bode
Pork;Feest-Bode
Provolone;Feest-Bode
Fingerlime;Feest-Bode
"Flaxseed Oil";Feest-Bode
"Rye Bread";Feest-Bode
"Sunflower Oil";Feest-Bode
Tamarillo;Feest-Bode
"Baking Powder";Feest-Bode
"Bean Sprouts";Feest-Bode
"Cream Cheese";Feest-Bode
"Pear Juice";Feest-Bode
"William Pear";Feest-Bode
"Cream Cheese";"Feil LLC"
Lychees;"Feil LLC"
Provolone;"Feil LLC"
Pork;"Feil LLC"
Berries;"Feil LLC"
Nuts;"Feil LLC"
Redfish;"Feil LLC"
Shark;"Feil LLC"
"Flaxseed Oil";"Feil LLC"
Mastic;"Feil LLC"
Strawberries;"Feil LLC"
Ham;"Feil LLC"
Kidneys;"Feil LLC"
Beef;"Franecki Group"
Bonza;"Franecki Group"
Elderberry;"Franecki Group"
Tamarillo;"Franecki Group"
Turnips;"Franecki Group"
"Cottage Cheese";"Franecki Group"
Freekeh;"Franecki Group"
"Hokkien Noodles";"Franecki Group"
Nuts;"Franecki Group"
Parsnip;"Franecki Group"
"Baking Powder";"Franecki Group"
"Bean Sprouts";"Franecki Group"
"Cream Cheese";"Franecki Group"
"Pear Juice";"Franecki Group"
"William Pear";"Franecki Group"
Achacha;"Franecki Group"
"Corn Oil";"Franecki Group"
"Dried Apricots";"Franecki Group"
"Omega Spread";"Franecki Group"
Pork;"Franecki Group"
Tinned;"Franecki Group"
"Bean Sprouts";"Fritsch, Hegmann and Mueller"
"Extra Virgin Olive Oil";"Fritsch, Hegmann and Mueller"
Oatmeal;"Fritsch, Hegmann and Mueller"
Provolone;"Fritsch, Hegmann and Mueller"
Silverbeet;"Fritsch, Hegmann and Mueller"
"Soy Beans";"Fritsch, Hegmann and Mueller"
Cauliflower;"Fritsch, Hegmann and Mueller"
Chives;"Fritsch, Hegmann and Mueller"
"Corn Oil";"Fritsch, Hegmann and Mueller"
"Pecan Nut";"Fritsch, Hegmann and Mueller"
Soymilk;"Fritsch, Hegmann and Mueller"
"Vegetable Oil";"Fritsch, Hegmann and Mueller"
Beef;"Fritsch, Hegmann and Mueller"
Bonza;"Fritsch, Hegmann and Mueller"
Elderberry;"Fritsch, Hegmann and Mueller"
Tamarillo;"Fritsch, Hegmann and Mueller"
Turnips;"Fritsch, Hegmann and Mueller"
"Baking Powder";"Funk, Morar and Rodriguez"
"Bean Sprouts";"Funk, Morar and Rodriguez"
"Cream Cheese";"Funk, Morar and Rodriguez"
"Pear Juice";"Funk, Morar and Rodriguez"
"William Pear";"Funk, Morar and Rodriguez"
Berries;"Funk, Morar and Rodriguez"
Camomile;"Funk, Morar and Rodriguez"
Cinnamon;"Funk, Morar and Rodriguez"
Redfish;"Funk, Morar and Rodriguez"
"Rose Water";"Funk, Morar and Rodriguez"
"Vegetable Oil";"Funk, Morar and Rodriguez"
Beef;"Funk, Morar and Rodriguez"
"Black Eyed Beans";"Funk, Morar and Rodriguez"
"Chia Seeds";"Funk, Morar and Rodriguez"
"Nutritional Yeast";"Funk, Morar and Rodriguez"
"Rice Noodles";"Funk, Morar and Rodriguez"
"Taleggio Cheese";"Funk, Morar and Rodriguez"
Turnips;"Funk, Morar and Rodriguez"
Butter;"Funk, Morar and Rodriguez"
"Green Tea Noodles";"Funk, Morar and Rodriguez"
Parsnip;"Funk, Morar and Rodriguez"
Pork;"Funk, Morar and Rodriguez"
Tahini;"Funk, Morar and Rodriguez"
Tarragon;"Funk, Morar and Rodriguez"
Warehou;"Funk, Morar and Rodriguez"
Feta;"Funk, Morar and Rodriguez"
"Hokkien Noodles";"Goldner LLC"
Nuts;"Goldner LLC"
Parsnip;"Goldner LLC"
"Black Eyed Beans";"Goldner LLC"
Mahlab;"Goldner LLC"
"White Wine";"Goldner LLC"
Butter;"Goldner LLC"
Pork;"Goldner LLC"
Tahini;"Goldner LLC"
Warehou;"Goldner LLC"
Berries;"Goldner LLC"
Apricots;"Goldner LLC"
Cornmeal;"Goldner LLC"
"Black Eyed Beans";Grant-Hand
"Curry Powder";Grant-Hand
Feta;Grant-Hand
"Jasmine Rice";Grant-Hand
Soymilk;Grant-Hand
"Vegetable Oil";Grant-Hand
Bacon;Grant-Hand
Cornmeal;Grant-Hand
Ham;Grant-Hand
Loquats;Grant-Hand
"Pecan Nut";Grant-Hand
"Sunflower Oil";Grant-Hand
"Baking Powder";Grant-Hand
Beef;Grant-Hand
"Corn Oil";Grant-Hand
"Pear Juice";Grant-Hand
"Rye Bread";Grant-Hand
"Vegetable Stock";Grant-Hand
"Chia Seeds";Grant-Hand
"Extra Virgin Olive Oil";Grant-Hand
"Iceberg Lettuce";Grant-Hand
Provolone;Grant-Hand
"Tapioca Flour";Grant-Hand
"Flat Mushrooms";"Hane, Walker and Kirlin"
"Nutritional Yeast";"Hane, Walker and Kirlin"
Peas;"Hane, Walker and Kirlin"
Redfish;"Hane, Walker and Kirlin"
"Taleggio Cheese";"Hane, Walker and Kirlin"
"Baking Powder";"Hane, Walker and Kirlin"
Bonza;"Hane, Walker and Kirlin"
Butter;"Hane, Walker and Kirlin"
"Cream Cheese";"Hane, Walker and Kirlin"
Strawberries;"Hane, Walker and Kirlin"
Beef;"Hane, Walker and Kirlin"
"Corn Oil";"Hane, Walker and Kirlin"
"Pear Juice";"Hane, Walker and Kirlin"
"Pecan Nut";"Hane, Walker and Kirlin"
"Rye Bread";"Hane, Walker and Kirlin"
"Vegetable Stock";"Hane, Walker and Kirlin"
"Baking Powder";"Hayes, Bins and Considine"
Beef;"Hayes, Bins and Considine"
Berries;"Hayes, Bins and Considine"
"Black Eyed Beans";"Hayes, Bins and Considine"
Feta;"Hayes, Bins and Considine"
Tahini;"Hayes, Bins and Considine"
Freekeh;"Hayes, Bins and Considine"
Parsnip;"Hayes, Bins and Considine"
Redfish;"Hayes, Bins and Considine"
Spinach;"Hayes, Bins and Considine"
Strawberries;"Hayes, Bins and Considine"
Achacha;"Hayes, Bins and Considine"
Cardamom;"Hayes, Bins and Considine"
"Hokkien Noodles";"Hayes, Bins and Considine"
Warehou;"Hayes, Bins and Considine"
"William Pear";"Hayes, Bins and Considine"
Camomile;"Hayes, Bins and Considine"
"Flaxseed Oil";"Hayes, Bins and Considine"
Lychees;"Hayes, Bins and Considine"
Mastic;"Hayes, Bins and Considine"
Berries;"Hayes, Koelpin and Smitham"
Camomile;"Hayes, Koelpin and Smitham"
Cinnamon;"Hayes, Koelpin and Smitham"
Redfish;"Hayes, Koelpin and Smitham"
"Rose Water";"Hayes, Koelpin and Smitham"
"Vegetable Oil";"Hayes, Koelpin and Smitham"
Fingerlime;"Hayes, Koelpin and Smitham"
"Flaxseed Oil";"Hayes, Koelpin and Smitham"
"Rye Bread";"Hayes, Koelpin and Smitham"
"Sunflower Oil";"Hayes, Koelpin and Smitham"
Tamarillo;"Hayes, Koelpin and Smitham"
"Bean Sprouts";"Hayes, Koelpin and Smitham"
"Extra Virgin Olive Oil";"Hayes, Koelpin and Smitham"
Oatmeal;"Hayes, Koelpin and Smitham"
Provolone;"Hayes, Koelpin and Smitham"
Silverbeet;"Hayes, Koelpin and Smitham"
"Soy Beans";"Hayes, Koelpin and Smitham"
Freekeh;"Heaney - Robel and Witting"
Parsnip;"Heaney - Robel and Witting"
Redfish;"Heaney - Robel and Witting"
Spinach;"Heaney - Robel and Witting"
Strawberries;"Heaney - Robel and Witting"
Achacha;"Heaney - Robel and Witting"
"Black Eyed Beans";"Heaney - Robel and Witting"
Cardamom;"Heaney - Robel and Witting"
"Hokkien Noodles";"Heaney - Robel and Witting"
Warehou;"Heaney - Robel and Witting"
"William Pear";"Heaney - Robel and Witting"
Berries;"Heaney - Robel and Witting"
"Cottage Cheese";"Heaney - Robel and Witting"
Nuts;"Heaney - Robel and Witting"
Pork;"Heaney - Robel and Witting"
Rockmelon;"Heaney - Robel and Witting"
"Rye Bread";"Heaney - Robel and Witting"
Shark;"Heaney - Robel and Witting"
"Jasmine Rice";"Heaney - Robel and Witting"
"Red Cabbage";"Heaney - Robel and Witting"
"Rose Water";"Heaney - Robel and Witting"
"Canola Oil";"Heaney - Robel and Witting"
"Corn Oil";"Heaney - Robel and Witting"
"Pear Juice";"Heaney - Robel and Witting"
"Sunflower Oil";"Heaney - Robel and Witting"
Tahini;"Heaney - Robel and Witting"
"Vegetable Stock";"Heaney - Robel and Witting"
"Baking Powder";"Heaney Inc"
Kombu;"Heaney Inc"
Mahlab;"Heaney Inc"
Provolone;"Heaney Inc"
Soymilk;"Heaney Inc"
Strawberries;"Heaney Inc"
Tamarillo;"Heaney Inc"
Tarragon;"Heaney Inc"
Camomile;"Heaney Inc"
Loquats;"Heaney Inc"
"Rose Water";"Heaney Inc"
Saffron;"Heaney Inc"
"Smoked Trout";"Heaney Inc"
"Soy Beans";"Heaney Inc"
"Tapioca Flour";"Heaney Inc"
"Vegetable Oil";"Heaney Inc"
Ham;"Heaney Inc"
Lychees;"Heaney Inc"
Nuts;"Heaney Inc"
"Omega Spread";"Heaney Inc"
Redfish;"Heaney Inc"
"Sunflower Seeds";"Heaney Inc"
Warehou;"Heaney Inc"
"Dried Apricots";"Heaney Inc"
"Hokkien Noodles";"Heaney Inc"
Rockmelon;"Heaney Inc"
"Rye Bread";"Heaney Inc"
Tahini;"Heaney Inc"
Camomile;"Hegmann Inc"
Lychees;"Hegmann Inc"
"Hokkien Noodles";"Hegmann Inc"
"Sunflower Seeds";"Hegmann Inc"
"Cottage Cheese";"Hegmann Inc"
Mahlab;"Hegmann Inc"
"Smoked Trout";"Hegmann Inc"
"Vegetable Oil";"Hegmann Inc"
"Black Eyed Beans";"Hegmann Inc"
Cinnamon;Heidenreich-Hagenes
Parsnip;Heidenreich-Hagenes
Soymilk;Heidenreich-Hagenes
Tarragon;Heidenreich-Hagenes
"Canola Oil";Heidenreich-Hagenes
Beef;Heidenreich-Hagenes
Camomile;Heidenreich-Hagenes
"Flaxseed Oil";Heidenreich-Hagenes
Lychees;Heidenreich-Hagenes
Mastic;Heidenreich-Hagenes
"Corn Oil";Heidenreich-Hagenes
"Pear Juice";Heidenreich-Hagenes
Tamarillo;"Herman, Considine and Senger"
Turnips;"Herman, Considine and Senger"
"Flat Mushrooms";"Herman, Considine and Senger"
Soymilk;"Herman, Considine and Senger"
Kombu;"Herman, Considine and Senger"
Mahlab;"Herman, Considine and Senger"
"English Spinach";"Herman, Considine and Senger"
"Rice Flour";"Herman, Considine and Senger"
Bacon;"Hintz Group"
"Cottage Cheese";"Hintz Group"
"Flaxseed Oil";"Hintz Group"
Rockmelon;"Hintz Group"
Silverbeet;"Hintz Group"
Tahini;"Hintz Group"
Tamarillo;"Hintz Group"
Turnips;"Hintz Group"
Achacha;"Hintz Group"
Mahlab;"Hintz Group"
Salmon;"Hintz Group"
"Sunflower Oil";"Hintz Group"
Cornmeal;"Hintz Group"
Ham;"Hintz Group"
"Jasmine Rice";"Hintz Group"
Loquats;"Hintz Group"
"Pecan Nut";"Hintz Group"
Achacha;"Hodkiewicz, Luettgen and Stoltenberg"
"Baking Powder";"Hodkiewicz, Luettgen and Stoltenberg"
Oatmeal;"Hodkiewicz, Luettgen and Stoltenberg"
Parsnip;"Hodkiewicz, Luettgen and Stoltenberg"
Peas;"Hodkiewicz, Luettgen and Stoltenberg"
Redfish;"Hodkiewicz, Luettgen and Stoltenberg"
"Rice Noodles";"Hodkiewicz, Luettgen and Stoltenberg"
Beef;"Hodkiewicz, Luettgen and Stoltenberg"
Berries;"Hodkiewicz, Luettgen and Stoltenberg"
"Black Eyed Beans";"Hodkiewicz, Luettgen and Stoltenberg"
Feta;"Hodkiewicz, Luettgen and Stoltenberg"
Tahini;"Hodkiewicz, Luettgen and Stoltenberg"
Camomile;"Hodkiewicz, Luettgen and Stoltenberg"
Loquats;"Hodkiewicz, Luettgen and Stoltenberg"
"Rose Water";"Hodkiewicz, Luettgen and Stoltenberg"
Saffron;"Hodkiewicz, Luettgen and Stoltenberg"
"Smoked Trout";"Hodkiewicz, Luettgen and Stoltenberg"
"Soy Beans";"Hodkiewicz, Luettgen and Stoltenberg"
"Tapioca Flour";"Hodkiewicz, Luettgen and Stoltenberg"
"Vegetable Oil";"Hodkiewicz, Luettgen and Stoltenberg"
Cardamom;"Hodkiewicz, Luettgen and Stoltenberg"
"Chia Seeds";"Hodkiewicz, Luettgen and Stoltenberg"
"Cream Cheese";"Hodkiewicz, Luettgen and Stoltenberg"
"Green Tea Noodles";"Hodkiewicz, Luettgen and Stoltenberg"
Lychees;"Hodkiewicz, Luettgen and Stoltenberg"
Provolone;"Hodkiewicz, Luettgen and Stoltenberg"
Silverbeet;"Hodkiewicz, Luettgen and Stoltenberg"
Tamarillo;"Hodkiewicz, Luettgen and Stoltenberg"
Cauliflower;"Hodkiewicz, Luettgen and Stoltenberg"
Cornmeal;"Hodkiewicz, Luettgen and Stoltenberg"
"Rice Flour";"Hodkiewicz, Luettgen and Stoltenberg"
Soymilk;"Hodkiewicz, Luettgen and Stoltenberg"
Kidneys;"Hyatt Inc"
Tarragon;"Hyatt Inc"
Tinned;"Hyatt Inc"
"Rye Bread";"Hyatt Inc"
"Sunflower Seeds";"Hyatt Inc"
"Rose Water";"Hyatt Inc"
Apples;"Hyatt Inc"
Cacao;"Hyatt Inc"
"Cream Cheese";"Hyatt Inc"
"Baking Powder";"Johnson, Watsica and Koch"
Rockmelon;"Johnson, Watsica and Koch"
Butter;"Johnson, Watsica and Koch"
"Green Tea Noodles";"Johnson, Watsica and Koch"
Tahini;"Johnson, Watsica and Koch"
"Flat Mushrooms";"Johnson, Watsica and Koch"
"Nutritional Yeast";"Johnson, Watsica and Koch"
Peas;"Johnson, Watsica and Koch"
"Vegetable Stock";"Johnson, Watsica and Koch"
"Baking Powder";"Kassulke, Rath and Upton"
Beef;"Kassulke, Rath and Upton"
Berries;"Kassulke, Rath and Upton"
"Black Eyed Beans";"Kassulke, Rath and Upton"
Feta;"Kassulke, Rath and Upton"
Tahini;"Kassulke, Rath and Upton"
Bacon;"Kassulke, Rath and Upton"
"Cottage Cheese";"Kassulke, Rath and Upton"
"Flaxseed Oil";"Kassulke, Rath and Upton"
Rockmelon;"Kassulke, Rath and Upton"
Silverbeet;"Kassulke, Rath and Upton"
Tamarillo;"Kassulke, Rath and Upton"
Turnips;"Kassulke, Rath and Upton"
"Flat Mushrooms";"Kassulke, Rath and Upton"
Nuts;"Kassulke, Rath and Upton"
Peas;"Kassulke, Rath and Upton"
Soymilk;"Kassulke, Rath and Upton"
Spinach;"Kassulke, Rath and Upton"
Apples;"Kassulke, Rath and Upton"
Butter;"Kassulke, Rath and Upton"
Cacao;"Kassulke, Rath and Upton"
"Corn Oil";"Kassulke, Rath and Upton"
"Cream Cheese";"Kassulke, Rath and Upton"
Oatmeal;"Kassulke, Rath and Upton"
"Smoked Trout";"Kassulke, Rath and Upton"
"Soy Beans";"Kassulke, Rath and Upton"
"Chia Seeds";Kerluke-Armstrong
"Extra Virgin Olive Oil";Kerluke-Armstrong
"Tapioca Flour";Kerluke-Armstrong
"Vegetable Stock";Kerluke-Armstrong
Apricots;Kerluke-Armstrong
Rockmelon;Kerluke-Armstrong
Berries;"Kiehn Group"
Camomile;"Kiehn Group"
Cinnamon;"Kiehn Group"
Redfish;"Kiehn Group"
"Rose Water";"Kiehn Group"
"Vegetable Oil";"Kiehn Group"
"Corn Oil";"Kiehn Group"
Ham;"Kiehn Group"
Kidneys;"Kiehn Group"
"Nutritional Yeast";"Kiehn Group"
Parsnip;"Kiehn Group"
Peas;"Kiehn Group"
Shark;"Kiehn Group"
Bacon;"Kiehn Group"
"Cottage Cheese";"Kiehn Group"
"Flaxseed Oil";"Kiehn Group"
Rockmelon;"Kiehn Group"
Silverbeet;"Kiehn Group"
Tahini;"Kiehn Group"
Tamarillo;"Kiehn Group"
Turnips;"Kiehn Group"
Cornmeal;"Kiehn Group"
"Jasmine Rice";"Kiehn Group"
Loquats;"Kiehn Group"
"Pecan Nut";"Kiehn Group"
"Sunflower Oil";"Kiehn Group"
Achacha;"Kiehn Group"
"Canola Oil";"Kiehn Group"
"Cream Cheese";"Kiehn Group"
Mahlab;"Kiehn Group"
"Smoked Trout";"Kiehn Group"
"Soy Beans";"Kiehn Group"
Camomile;"Kling, Luettgen and Jast"
"Flaxseed Oil";"Kling, Luettgen and Jast"
Lychees;"Kling, Luettgen and Jast"
Mastic;"Kling, Luettgen and Jast"
Strawberries;"Kling, Luettgen and Jast"
"Coriander Leaves";"Kling, Luettgen and Jast"
Elderberry;"Kling, Luettgen and Jast"
"English Spinach";"Kling, Luettgen and Jast"
Oatmeal;"Kling, Luettgen and Jast"
Tinned;"Kling, Luettgen and Jast"
"Apple Cider Vinegar";"Kling, Luettgen and Jast"
Loquats;"Kling, Luettgen and Jast"
Pork;"Kling, Luettgen and Jast"
Provolone;"Kling, Luettgen and Jast"
Tarragon;"Kling, Luettgen and Jast"
"Baking Powder";"Kling, Luettgen and Jast"
"Bean Sprouts";"Kling, Luettgen and Jast"
"Cream Cheese";"Kling, Luettgen and Jast"
"Pear Juice";"Kling, Luettgen and Jast"
"William Pear";"Kling, Luettgen and Jast"
Achacha;"Koelpin, Hoppe and Corwin"
"Baking Powder";"Koelpin, Hoppe and Corwin"
"Black Eyed Beans";"Koelpin, Hoppe and Corwin"
Rockmelon;"Koelpin, Hoppe and Corwin"
"Tapioca Flour";"Koelpin, Hoppe and Corwin"
Camomile;"Koelpin, Hoppe and Corwin"
"Flaxseed Oil";"Koelpin, Hoppe and Corwin"
Lychees;"Koelpin, Hoppe and Corwin"
Mastic;"Koelpin, Hoppe and Corwin"
Strawberries;"Koelpin, Hoppe and Corwin"
Fingerlime;"Koelpin, Hoppe and Corwin"
"Rye Bread";"Koelpin, Hoppe and Corwin"
"Sunflower Oil";"Koelpin, Hoppe and Corwin"
Tamarillo;"Koelpin, Hoppe and Corwin"
Cardamom;"Koelpin, Hoppe and Corwin"
"Hokkien Noodles";"Koelpin, Hoppe and Corwin"
Warehou;"Koelpin, Hoppe and Corwin"
"William Pear";"Koelpin, Hoppe and Corwin"
Bonza;"Koelpin, Hoppe and Corwin"
"Corn Oil";"Koelpin, Hoppe and Corwin"
"Cottage Cheese";"Koelpin, Hoppe and Corwin"
"Dried Apricots";"Koelpin, Hoppe and Corwin"
"Omega Spread";"Koelpin, Hoppe and Corwin"
Pork;"Koelpin, Hoppe and Corwin"
Tinned;"Koelpin, Hoppe and Corwin"
Tamarillo;Koelpin-Feeney
Ham;Koelpin-Feeney
"Omega Spread";Koelpin-Feeney
Redfish;Koelpin-Feeney
"Rose Water";Koelpin-Feeney
Warehou;Koelpin-Feeney
"Extra Virgin Olive Oil";Koelpin-Feeney
Silverbeet;Koelpin-Feeney
Achacha;Kuhn-Dach
Camomile;Kuhn-Dach
Nuts;Kuhn-Dach
"Pecan Nut";Kuhn-Dach
Plums;Kuhn-Dach
"Sunflower Seeds";Kuhn-Dach
Tarragon;Kuhn-Dach
"Vegetable Oil";Kuhn-Dach
Apples;Kuhn-Dach
"Baking Powder";Kuhn-Dach
"Extra Virgin Olive Oil";Kuhn-Dach
"Flaxseed Oil";Kuhn-Dach
Peas;Kuhn-Dach
"Rye Bread";Kuhn-Dach
Soymilk;Kuhn-Dach
"William Pear";Kuhn-Dach
"Bean Sprouts";Kuhn-Dach
Oatmeal;Kuhn-Dach
Provolone;Kuhn-Dach
Silverbeet;Kuhn-Dach
"Soy Beans";Kuhn-Dach
Bonza;Kuhn-Dach
"Corn Oil";Kuhn-Dach
"Cottage Cheese";Kuhn-Dach
"Dried Apricots";Kuhn-Dach
"Omega Spread";Kuhn-Dach
Pork;Kuhn-Dach
Tinned;Kuhn-Dach
"Coriander Leaves";Kuhn-Dach
Elderberry;Kuhn-Dach
"English Spinach";Kuhn-Dach
Nuts;"Kulas LLC"
"Pecan Nut";"Kulas LLC"
"Sunflower Seeds";"Kulas LLC"
"Baking Powder";"Kulas LLC"
"Extra Virgin Olive Oil";"Kulas LLC"
Peas;"Kulas LLC"
"Rye Bread";"Kulas LLC"
Soymilk;"Kulas LLC"
"William Pear";"Kulas LLC"
Redfish;"Kulas LLC"
Rockmelon;"Kulas LLC"
"Chia Seeds";"Kulas LLC"
"Cream Cheese";"Kulas LLC"
"Green Tea Noodles";"Kulas LLC"
Provolone;"Kulas LLC"
Tamarillo;"Kulas LLC"
Soymilk;"Kunze Inc"
"Cream Cheese";"Kunze Inc"
Silverbeet;"Kunze Inc"
"Extra Virgin Olive Oil";"Kunze Inc"
Oatmeal;"Kunze Inc"
"Black Eyed Beans";"Kunze Inc"
"Nutritional Yeast";"Kunze Inc"
"Rice Noodles";"Kunze Inc"
"Taleggio Cheese";"Kunze Inc"
"William Pear";"Kunze Inc"
Beef;"Kutch, Ryan and Boyer"
Elderberry;"Kutch, Ryan and Boyer"
Loquats;"Kutch, Ryan and Boyer"
"Black Eyed Beans";Labadie-Runolfsson
"Curry Powder";Labadie-Runolfsson
Feta;Labadie-Runolfsson
"Jasmine Rice";Labadie-Runolfsson
Soymilk;Labadie-Runolfsson
"Vegetable Oil";Labadie-Runolfsson
Beef;Labadie-Runolfsson
"Chia Seeds";Labadie-Runolfsson
"Nutritional Yeast";Labadie-Runolfsson
"Rice Noodles";Labadie-Runolfsson
"Taleggio Cheese";Labadie-Runolfsson
Turnips;Labadie-Runolfsson
"William Pear";Labadie-Runolfsson
Achacha;Labadie-Runolfsson
"Cream Cheese";Labadie-Runolfsson
"Dried Apricots";Labadie-Runolfsson
Elderberry;Labadie-Runolfsson
Loquats;Labadie-Runolfsson
"Corn Oil";Labadie-Runolfsson
Ham;Labadie-Runolfsson
Kidneys;Labadie-Runolfsson
Parsnip;Labadie-Runolfsson
Peas;Labadie-Runolfsson
"Rose Water";Labadie-Runolfsson
Shark;Labadie-Runolfsson
Achacha;Langosh-Franecki
"Cottage Cheese";Langosh-Franecki
Mahlab;Langosh-Franecki
Salmon;Langosh-Franecki
"Sunflower Oil";Langosh-Franecki
"Black Eyed Beans";Langosh-Franecki
Cardamom;Langosh-Franecki
"Hokkien Noodles";Langosh-Franecki
Strawberries;Langosh-Franecki
Warehou;Langosh-Franecki
"William Pear";Langosh-Franecki
"Bean Sprouts";Langosh-Franecki
"Extra Virgin Olive Oil";Langosh-Franecki
Oatmeal;Langosh-Franecki
Provolone;Langosh-Franecki
Silverbeet;Langosh-Franecki
"Soy Beans";Langosh-Franecki
Apricots;Langosh-Franecki
Berries;Langosh-Franecki
Freekeh;Langosh-Franecki
Lychees;Langosh-Franecki
Feta;"Leannon, Cassin and Trantow"
Bacon;"Leannon, Cassin and Trantow"
"Cottage Cheese";"Leannon, Cassin and Trantow"
Rockmelon;"Leannon, Cassin and Trantow"
Turnips;"Leannon, Cassin and Trantow"
"Sunflower Oil";"Leannon, Cassin and Trantow"
"Baking Powder";"Ledner LLC"
Beef;"Ledner LLC"
Berries;"Ledner LLC"
"Black Eyed Beans";"Ledner LLC"
Feta;"Ledner LLC"
Tahini;"Ledner LLC"
Chives;"Ledner LLC"
Elderberry;"Ledner LLC"
Kidneys;"Ledner LLC"
Kombu;"Ledner LLC"
Saffron;"Ledner LLC"
"Vegetable Stock";"Ledner LLC"
"Bean Sprouts";"Ledner LLC"
"Extra Virgin Olive Oil";"Ledner LLC"
Oatmeal;"Ledner LLC"
Provolone;"Ledner LLC"
Silverbeet;"Ledner LLC"
"Soy Beans";"Ledner LLC"
Fingerlime;"Ledner LLC"
"Flaxseed Oil";"Ledner LLC"
"Rye Bread";"Ledner LLC"
"Sunflower Oil";"Ledner LLC"
Tamarillo;"Ledner LLC"
"Cream Cheese";"Ledner LLC"
"Pear Juice";"Ledner LLC"
"William Pear";"Ledner LLC"
Cauliflower;Leffler-Aufderhar
Chives;Leffler-Aufderhar
"Corn Oil";Leffler-Aufderhar
"Pecan Nut";Leffler-Aufderhar
Soymilk;Leffler-Aufderhar
"Vegetable Oil";Leffler-Aufderhar
Fingerlime;Leffler-Aufderhar
"Flaxseed Oil";Leffler-Aufderhar
"Rye Bread";Leffler-Aufderhar
"Sunflower Oil";Leffler-Aufderhar
Tamarillo;Leffler-Aufderhar
"Black Eyed Beans";Leffler-Aufderhar
"Canola Oil";Leffler-Aufderhar
Parsnip;Leffler-Aufderhar
"Pear Juice";Leffler-Aufderhar
Tahini;Leffler-Aufderhar
"Vegetable Stock";Leffler-Aufderhar
Achacha;Leffler-Aufderhar
Butter;Leffler-Aufderhar
"Taleggio Cheese";Leffler-Aufderhar
"Baking Powder";Leffler-Huel
"Pecan Nut";Leffler-Huel
"Vegetable Stock";Leffler-Huel
Parsnip;Leffler-Huel
Spinach;Leffler-Huel
Strawberries;Leffler-Huel
Apricots;"Lindgren, Willms and MacGyver"
Kombu;"Lindgren, Willms and MacGyver"
"Pecan Nut";"Lindgren, Willms and MacGyver"
Rockmelon;"Lindgren, Willms and MacGyver"
Tinned;"Lindgren, Willms and MacGyver"
Achacha;"Lindgren, Willms and MacGyver"
"Bean Sprouts";"Lindgren, Willms and MacGyver"
Mahlab;"Lindgren, Willms and MacGyver"
Shark;"Lindgren, Willms and MacGyver"
Butter;"Lindgren, Willms and MacGyver"
"Taleggio Cheese";"Lindgren, Willms and MacGyver"
"Nutritional Yeast";Lockman-Wintheiser
Bonza;Lockman-Wintheiser
"Corn Oil";Lockman-Wintheiser
"Cottage Cheese";Lockman-Wintheiser
Cardamom;Lowe-McCullough
"Chia Seeds";Lowe-McCullough
"Cream Cheese";Lowe-McCullough
"Green Tea Noodles";Lowe-McCullough
Lychees;Lowe-McCullough
Provolone;Lowe-McCullough
Silverbeet;Lowe-McCullough
Tamarillo;Lowe-McCullough
"Baking Powder";Lowe-McCullough
Bonza;Lowe-McCullough
Butter;Lowe-McCullough
Peas;Lowe-McCullough
Strawberries;Lowe-McCullough
Achacha;Lowe-McCullough
Berries;Lowe-McCullough
"Canola Oil";Lowe-McCullough
Cornmeal;Lowe-McCullough
Mahlab;Lowe-McCullough
"Smoked Trout";Lowe-McCullough
"Soy Beans";Lowe-McCullough
Cauliflower;"Lubowitz, Prohaska and Reilly"
Cornmeal;"Lubowitz, Prohaska and Reilly"
"Rose Water";"Lubowitz, Prohaska and Reilly"
Tahini;"Lubowitz, Prohaska and Reilly"
"Cream Cheese";"Lubowitz, Prohaska and Reilly"
Lychees;"Lubowitz, Prohaska and Reilly"
Provolone;"Lubowitz, Prohaska and Reilly"
Silverbeet;"Lubowitz, Prohaska and Reilly"
"Baking Powder";"Lubowitz, Prohaska and Reilly"
Strawberries;"Lubowitz, Prohaska and Reilly"
"Apple Cider Vinegar";"Lubowitz, Prohaska and Reilly"
Loquats;"Lubowitz, Prohaska and Reilly"
"Jasmine Rice";"McCullough, Leannon and Nolan"
"Pecan Nut";"McCullough, Leannon and Nolan"
"Canola Oil";"McCullough, Leannon and Nolan"
Fingerlime;"McCullough, Leannon and Nolan"
Tahini;"McCullough, Leannon and Nolan"
Bonza;"McCullough, Leannon and Nolan"
"Dried Apricots";"McCullough, Leannon and Nolan"
"Omega Spread";"McCullough, Leannon and Nolan"
"Chia Seeds";"Medhurst, Streich and Schamberger"
Cornmeal;"Medhurst, Streich and Schamberger"
"Iceberg Lettuce";"Medhurst, Streich and Schamberger"
Provolone;"Medhurst, Streich and Schamberger"
"Tapioca Flour";"Medhurst, Streich and Schamberger"
Achacha;"Medhurst, Streich and Schamberger"
"Cottage Cheese";"Medhurst, Streich and Schamberger"
Salmon;"Medhurst, Streich and Schamberger"
"Sunflower Oil";"Medhurst, Streich and Schamberger"
"Rice Flour";"Medhurst, Streich and Schamberger"
Soymilk;"Medhurst, Streich and Schamberger"
Chives;"Medhurst, Streich and Schamberger"
"Vegetable Oil";"Medhurst, Streich and Schamberger"
"Black Eyed Beans";Medhurst-Trantow
"Curry Powder";Medhurst-Trantow
Feta;Medhurst-Trantow
"Jasmine Rice";Medhurst-Trantow
Soymilk;Medhurst-Trantow
"Vegetable Oil";Medhurst-Trantow
Berries;Medhurst-Trantow
Camomile;Medhurst-Trantow
Cinnamon;Medhurst-Trantow
Redfish;Medhurst-Trantow
"Rose Water";Medhurst-Trantow
Beef;Medhurst-Trantow
Bonza;Medhurst-Trantow
Elderberry;Medhurst-Trantow
Tamarillo;Medhurst-Trantow
Turnips;Medhurst-Trantow
Achacha;Medhurst-Trantow
"Cottage Cheese";Medhurst-Trantow
Mahlab;Medhurst-Trantow
Salmon;Medhurst-Trantow
"Sunflower Oil";Medhurst-Trantow
"Baking Powder";Medhurst-Trantow
Oatmeal;Medhurst-Trantow
Parsnip;Medhurst-Trantow
Peas;Medhurst-Trantow
"Rice Noodles";Medhurst-Trantow
Fingerlime;"Mohr, Cartwright and Hoppe"
"Flaxseed Oil";"Mohr, Cartwright and Hoppe"
"Rye Bread";"Mohr, Cartwright and Hoppe"
"Sunflower Oil";"Mohr, Cartwright and Hoppe"
Tamarillo;"Mohr, Cartwright and Hoppe"
Achacha;"Mohr, Cartwright and Hoppe"
Berries;"Mohr, Cartwright and Hoppe"
"Canola Oil";"Mohr, Cartwright and Hoppe"
Cornmeal;"Mohr, Cartwright and Hoppe"
"Cream Cheese";"Mohr, Cartwright and Hoppe"
Mahlab;"Mohr, Cartwright and Hoppe"
"Smoked Trout";"Mohr, Cartwright and Hoppe"
"Soy Beans";"Mohr, Cartwright and Hoppe"
"Black Eyed Beans";"Mohr, Cartwright and Hoppe"
"Curry Powder";"Mohr, Cartwright and Hoppe"
Feta;"Mohr, Cartwright and Hoppe"
"Jasmine Rice";"Mohr, Cartwright and Hoppe"
Soymilk;"Mohr, Cartwright and Hoppe"
"Vegetable Oil";"Mohr, Cartwright and Hoppe"
Apples;"Murazik, Hauck and Hodkiewicz"
Butter;"Murazik, Hauck and Hodkiewicz"
Cacao;"Murazik, Hauck and Hodkiewicz"
"Corn Oil";"Murazik, Hauck and Hodkiewicz"
"Cream Cheese";"Murazik, Hauck and Hodkiewicz"
Oatmeal;"Murazik, Hauck and Hodkiewicz"
"Smoked Trout";"Murazik, Hauck and Hodkiewicz"
"Soy Beans";"Murazik, Hauck and Hodkiewicz"
Camomile;"Murazik, Hauck and Hodkiewicz"
"Flaxseed Oil";"Murazik, Hauck and Hodkiewicz"
Lychees;"Murazik, Hauck and Hodkiewicz"
Mastic;"Murazik, Hauck and Hodkiewicz"
Strawberries;"Murazik, Hauck and Hodkiewicz"
Achacha;"Murazik, Hauck and Hodkiewicz"
Berries;"Murazik, Hauck and Hodkiewicz"
"Canola Oil";"Murazik, Hauck and Hodkiewicz"
Cornmeal;"Murazik, Hauck and Hodkiewicz"
Mahlab;"Murazik, Hauck and Hodkiewicz"
"Baking Powder";"Murazik, Hauck and Hodkiewicz"
Bonza;"Murazik, Hauck and Hodkiewicz"
Peas;"Murazik, Hauck and Hodkiewicz"
Kombu;"Murazik, Hauck and Hodkiewicz"
Provolone;"Murazik, Hauck and Hodkiewicz"
Soymilk;"Murazik, Hauck and Hodkiewicz"
Tamarillo;"Murazik, Hauck and Hodkiewicz"
Tarragon;"Murazik, Hauck and Hodkiewicz"
Achacha;"Murphy, Swift and Feest"
"Bean Sprouts";"Murphy, Swift and Feest"
Beef;"Murphy, Swift and Feest"
"Black Eyed Beans";"Murphy, Swift and Feest"
Bonza;"Murphy, Swift and Feest"
Mahlab;"Murphy, Swift and Feest"
Shark;"Murphy, Swift and Feest"
"White Wine";"Murphy, Swift and Feest"
"Baking Powder";"Murphy, Swift and Feest"
"Cream Cheese";"Murphy, Swift and Feest"
"Pear Juice";"Murphy, Swift and Feest"
"William Pear";"Murphy, Swift and Feest"
Freekeh;"Murphy, Swift and Feest"
"Jasmine Rice";"Murphy, Swift and Feest"
"Red Cabbage";"Murphy, Swift and Feest"
Rockmelon;"Murphy, Swift and Feest"
"Rose Water";"Murphy, Swift and Feest"
"Extra Virgin Olive Oil";"Murphy, Swift and Feest"
Oatmeal;"Murphy, Swift and Feest"
Provolone;"Murphy, Swift and Feest"
Silverbeet;"Murphy, Swift and Feest"
"Soy Beans";"Murphy, Swift and Feest"
"Dried Apricots";"Murphy, Swift and Feest"
"Hokkien Noodles";"Murphy, Swift and Feest"
Kombu;"Murphy, Swift and Feest"
"Rye Bread";"Murphy, Swift and Feest"
"Sunflower Seeds";"Murphy, Swift and Feest"
Tahini;"Murphy, Swift and Feest"
"Tapioca Flour";"Murphy, Swift and Feest"
Beef;"Murray LLC"
"Corn Oil";"Murray LLC"
Cauliflower;"Murray LLC"
"Vegetable Oil";"Murray LLC"
Mahlab;"Murray LLC"
Strawberries;"Murray LLC"
Tamarillo;"Murray LLC"
Beef;"Nienow LLC"
Bonza;"Nienow LLC"
Shark;"Nienow LLC"
Apples;"Nienow LLC"
"Pear Juice";"Nienow LLC"
Silverbeet;"Nienow LLC"
"Baking Powder";"Nienow LLC"
Kombu;"Nienow LLC"
Provolone;"Nienow LLC"
Soymilk;"Nienow LLC"
"Cream Cheese";"Nienow LLC"
"Baking Powder";"Ondricka, Smith and Rutherford"
"Bean Sprouts";"Ondricka, Smith and Rutherford"
"Cream Cheese";"Ondricka, Smith and Rutherford"
"Pear Juice";"Ondricka, Smith and Rutherford"
"William Pear";"Ondricka, Smith and Rutherford"
"Corn Oil";"Ondricka, Smith and Rutherford"
Ham;"Ondricka, Smith and Rutherford"
Kidneys;"Ondricka, Smith and Rutherford"
"Nutritional Yeast";"Ondricka, Smith and Rutherford"
Parsnip;"Ondricka, Smith and Rutherford"
Peas;"Ondricka, Smith and Rutherford"
"Rose Water";"Ondricka, Smith and Rutherford"
Shark;"Ondricka, Smith and Rutherford"
Butter;"Ondricka, Smith and Rutherford"
"Green Tea Noodles";"Ondricka, Smith and Rutherford"
Pork;"Ondricka, Smith and Rutherford"
Tahini;"Ondricka, Smith and Rutherford"
Tarragon;"Ondricka, Smith and Rutherford"
Warehou;"Ondricka, Smith and Rutherford"
Beef;"Ondricka, Smith and Rutherford"
Berries;"Ondricka, Smith and Rutherford"
"Black Eyed Beans";"Ondricka, Smith and Rutherford"
Feta;"Ondricka, Smith and Rutherford"
Freekeh;"Pagac, Simonis and Cole"
Parsnip;"Pagac, Simonis and Cole"
Redfish;"Pagac, Simonis and Cole"
Spinach;"Pagac, Simonis and Cole"
Strawberries;"Pagac, Simonis and Cole"
Berries;"Pagac, Simonis and Cole"
"Cottage Cheese";"Pagac, Simonis and Cole"
Nuts;"Pagac, Simonis and Cole"
Pork;"Pagac, Simonis and Cole"
Rockmelon;"Pagac, Simonis and Cole"
"Rye Bread";"Pagac, Simonis and Cole"
Shark;"Pagac, Simonis and Cole"
Ham;"Pagac, Simonis and Cole"
Kidneys;"Pagac, Simonis and Cole"
Kombu;"Pagac, Simonis and Cole"
Tarragon;"Pagac, Simonis and Cole"
Tinned;"Pagac, Simonis and Cole"
Berries;"Pfeffer, Macejkovic and Batz"
Camomile;"Pfeffer, Macejkovic and Batz"
Cinnamon;"Pfeffer, Macejkovic and Batz"
Redfish;"Pfeffer, Macejkovic and Batz"
"Rose Water";"Pfeffer, Macejkovic and Batz"
"Vegetable Oil";"Pfeffer, Macejkovic and Batz"
Cardamom;"Pfeffer, Macejkovic and Batz"
"Chia Seeds";"Pfeffer, Macejkovic and Batz"
"Cream Cheese";"Pfeffer, Macejkovic and Batz"
"Green Tea Noodles";"Pfeffer, Macejkovic and Batz"
Lychees;"Pfeffer, Macejkovic and Batz"
Provolone;"Pfeffer, Macejkovic and Batz"
Silverbeet;"Pfeffer, Macejkovic and Batz"
Tamarillo;"Pfeffer, Macejkovic and Batz"
Ham;"Pfeffer, Macejkovic and Batz"
Kidneys;"Pfeffer, Macejkovic and Batz"
Kombu;"Pfeffer, Macejkovic and Batz"
Tarragon;"Pfeffer, Macejkovic and Batz"
Tinned;"Pfeffer, Macejkovic and Batz"
"Dried Apricots";"Pfeffer, Macejkovic and Batz"
"Hokkien Noodles";"Pfeffer, Macejkovic and Batz"
Rockmelon;"Pfeffer, Macejkovic and Batz"
"Rye Bread";"Pfeffer, Macejkovic and Batz"
"Sunflower Seeds";"Pfeffer, Macejkovic and Batz"
Tahini;"Pfeffer, Macejkovic and Batz"
"Tapioca Flour";"Pfeffer, Macejkovic and Batz"
Butter;"Pfeffer, Macejkovic and Batz"
Parsnip;"Pfeffer, Macejkovic and Batz"
Pork;"Pfeffer, Macejkovic and Batz"
Warehou;"Pfeffer, Macejkovic and Batz"
Bonza;"Pollich Inc"
Tamarillo;"Pollich Inc"
"Cream Cheese";"Pollich Inc"
"Soy Beans";"Pollich Inc"
"Baking Powder";"Pollich Inc"
"Tapioca Flour";"Pollich Inc"
Butter;"Pollich Inc"
Apricots;"Purdy, Weimann and Carroll"
Kombu;"Purdy, Weimann and Carroll"
"Pecan Nut";"Purdy, Weimann and Carroll"
Rockmelon;"Purdy, Weimann and Carroll"
"Rye Bread";"Purdy, Weimann and Carroll"
Tinned;"Purdy, Weimann and Carroll"
Camomile;"Purdy, Weimann and Carroll"
Loquats;"Purdy, Weimann and Carroll"
"Rose Water";"Purdy, Weimann and Carroll"
Saffron;"Purdy, Weimann and Carroll"
"Smoked Trout";"Purdy, Weimann and Carroll"
"Soy Beans";"Purdy, Weimann and Carroll"
"Tapioca Flour";"Purdy, Weimann and Carroll"
"Vegetable Oil";"Purdy, Weimann and Carroll"
"Black Eyed Beans";"Purdy, Weimann and Carroll"
"Curry Powder";"Purdy, Weimann and Carroll"
Feta;"Purdy, Weimann and Carroll"
"Jasmine Rice";"Purdy, Weimann and Carroll"
Soymilk;"Purdy, Weimann and Carroll"
Achacha;Quigley-Braun
Mahlab;Quigley-Braun
Salmon;Quigley-Braun
"Sunflower Oil";Quigley-Braun
Oatmeal;Quigley-Braun
Tinned;Quigley-Braun
Fingerlime;Quigley-Braun
"Flaxseed Oil";Quigley-Braun
"Rye Bread";Quigley-Braun
Tamarillo;Quigley-Braun
Apples;Quigley-Braun
Cacao;Quigley-Braun
"Smoked Trout";Quigley-Braun
Bacon;Quigley-Braun
"Jasmine Rice";Quigley-Braun
"Pecan Nut";Quigley-Braun
"Curry Powder";Reilly-Ebert
Soymilk;Reilly-Ebert
Camomile;Reilly-Ebert
"Flaxseed Oil";Reilly-Ebert
Loquats;"Rempel and Sons"
Saffron;"Rempel and Sons"
"Smoked Trout";"Rempel and Sons"
"Soy Beans";"Rempel and Sons"
"Flat Mushrooms";"Rempel and Sons"
Nuts;"Rempel and Sons"
Peas;"Rempel and Sons"
Spinach;"Rempel and Sons"
"Baking Powder";"Rempel and Sons"
Mahlab;"Rempel and Sons"
Tamarillo;"Rempel and Sons"
Tarragon;"Rempel and Sons"
"Coriander Leaves";Rogahn-Crist
Elderberry;Rogahn-Crist
"English Spinach";Rogahn-Crist
Oatmeal;Rogahn-Crist
Tinned;Rogahn-Crist
"Flat Mushrooms";Rogahn-Crist
"Nutritional Yeast";Rogahn-Crist
Peas;Rogahn-Crist
Redfish;Rogahn-Crist
"Taleggio Cheese";Rogahn-Crist
"Black Eyed Beans";Rogahn-Crist
"Curry Powder";Rogahn-Crist
Feta;Rogahn-Crist
"Jasmine Rice";Rogahn-Crist
Soymilk;Rogahn-Crist
"Vegetable Oil";Rogahn-Crist
"Extra Virgin Olive Oil";"Schaden LLC"
Provolone;"Schaden LLC"
Ham;"Schaden LLC"
"Omega Spread";"Schaden LLC"
Warehou;"Schaden LLC"
"Hokkien Noodles";"Schaden LLC"
"William Pear";"Schaden LLC"
Apples;"Schiller Group"
"Baking Powder";"Schiller Group"
"Extra Virgin Olive Oil";"Schiller Group"
"Flaxseed Oil";"Schiller Group"
Peas;"Schiller Group"
"Rye Bread";"Schiller Group"
Soymilk;"Schiller Group"
"William Pear";"Schiller Group"
Beef;"Schiller Group"
"Corn Oil";"Schiller Group"
"Pear Juice";"Schiller Group"
"Pecan Nut";"Schiller Group"
"Vegetable Stock";"Schiller Group"
Achacha;"Schiller Group"
Oatmeal;"Schiller Group"
Parsnip;"Schiller Group"
Redfish;"Schiller Group"
"Rice Noodles";"Schiller Group"
"Flat Mushrooms";"Schinner Group"
"Nutritional Yeast";"Schinner Group"
Peas;"Schinner Group"
Redfish;"Schinner Group"
"Taleggio Cheese";"Schinner Group"
Freekeh;"Schinner Group"
Parsnip;"Schinner Group"
Spinach;"Schinner Group"
Strawberries;"Schinner Group"
Bonza;"Schinner Group"
"Cottage Cheese";"Schinner Group"
"Hokkien Noodles";"Schinner Group"
Nuts;"Schinner Group"
Cinnamon;"Schinner Group"
"Cream Cheese";"Schinner Group"
Soymilk;"Schinner Group"
"Sunflower Oil";"Schinner Group"
Tarragon;"Schinner Group"
Cauliflower;"Schinner, Sauer and Powlowski"
"Corn Oil";"Schinner, Sauer and Powlowski"
"Pecan Nut";"Schinner, Sauer and Powlowski"
"Vegetable Oil";"Schinner, Sauer and Powlowski"
"Smoked Trout";"Schinner, Sauer and Powlowski"
Elderberry;"Schinner, Sauer and Powlowski"
"Black Eyed Beans";"Schinner, Sauer and Powlowski"
"Nutritional Yeast";"Schinner, Sauer and Powlowski"
"Taleggio Cheese";"Schinner, Sauer and Powlowski"
"William Pear";"Schinner, Sauer and Powlowski"
"Black Eyed Beans";Schmeler-Renner
Cardamom;Schmeler-Renner
Strawberries;Schmeler-Renner
Warehou;Schmeler-Renner
"William Pear";Schmeler-Renner
"Corn Oil";Schmeler-Renner
"Pear Juice";Schmeler-Renner
Tahini;Schmeler-Renner
Beef;Schmeler-Renner
"Rye Bread";Schmeler-Renner
Nuts;Schmeler-Renner
Achacha;Schmitt-Reichert
Plums;Schmitt-Reichert
"Sunflower Seeds";Schmitt-Reichert
Tarragon;Schmitt-Reichert
Pork;Schmitt-Reichert
"Rye Bread";Schmitt-Reichert
"Baking Powder";Schmitt-Reichert
"Pear Juice";Schmitt-Reichert
"William Pear";Schmitt-Reichert
Cardamom;Schmitt-Reichert
Lychees;Schmitt-Reichert
Provolone;Schmitt-Reichert
Silverbeet;Schmitt-Reichert
Tamarillo;Schmitt-Reichert
Beef;"Sipes, Schamberger and Stokes"
"Black Eyed Beans";"Sipes, Schamberger and Stokes"
"Chia Seeds";"Sipes, Schamberger and Stokes"
"Taleggio Cheese";"Sipes, Schamberger and Stokes"
Turnips;"Sipes, Schamberger and Stokes"
"William Pear";"Sipes, Schamberger and Stokes"
"Apple Cider Vinegar";"Sipes, Schamberger and Stokes"
Loquats;"Sipes, Schamberger and Stokes"
Provolone;"Sipes, Schamberger and Stokes"
Tarragon;"Sipes, Schamberger and Stokes"
Ham;"Sipes, Schamberger and Stokes"
Kombu;"Sipes, Schamberger and Stokes"
Achacha;"Sipes, Schamberger and Stokes"
Camomile;"Sipes, Schamberger and Stokes"
Plums;"Sipes, Schamberger and Stokes"
"Sunflower Seeds";"Sipes, Schamberger and Stokes"
"Cream Cheese";"Sipes, Schamberger and Stokes"
Peas;"Sipes, Schamberger and Stokes"
Strawberries;"Sipes, Schamberger and Stokes"
"Baking Powder";"Skiles Group"
Apples;"Skiles Group"
"Pear Juice";"Skiles Group"
Plums;"Skiles Group"
Silverbeet;"Skiles Group"
"Chia Seeds";"Skiles Group"
"Green Tea Noodles";"Skiles Group"
Kombu;"Skiles Group"
Tarragon;"Skiles Group"
"Cottage Cheese";"Sporer Group"
Freekeh;"Sporer Group"
"Hokkien Noodles";"Sporer Group"
Nuts;"Sporer Group"
Cornmeal;"Sporer Group"
"Rice Flour";"Sporer Group"
"Rose Water";"Sporer Group"
Soymilk;"Sporer Group"
"Extra Virgin Olive Oil";"Sporer Group"
"Soy Beans";"Sporer Group"
"Apple Cider Vinegar";"Sporer Group"
Loquats;"Sporer Group"
Cinnamon;"Sporer Group"
"Cream Cheese";"Sporer Group"
"Sunflower Oil";"Sporer Group"
Cauliflower;"Torp LLC"
Cornmeal;"Torp LLC"
"Rice Flour";"Torp LLC"
"Rose Water";"Torp LLC"
Soymilk;"Torp LLC"
Achacha;"Torp LLC"
"Chia Seeds";"Torp LLC"
"Cream Cheese";"Torp LLC"
"Dried Apricots";"Torp LLC"
Elderberry;"Torp LLC"
Loquats;"Torp LLC"
"Apple Cider Vinegar";"Torp LLC"
Pork;"Torp LLC"
Provolone;"Torp LLC"
Tarragon;"Torp LLC"
Apricots;"VonRueden, Baumbach and Blick"
Kombu;"VonRueden, Baumbach and Blick"
"Pecan Nut";"VonRueden, Baumbach and Blick"
Rockmelon;"VonRueden, Baumbach and Blick"
"Rye Bread";"VonRueden, Baumbach and Blick"
Tinned;"VonRueden, Baumbach and Blick"
Achacha;"VonRueden, Baumbach and Blick"
"Bean Sprouts";"VonRueden, Baumbach and Blick"
Beef;"VonRueden, Baumbach and Blick"
"Black Eyed Beans";"VonRueden, Baumbach and Blick"
Bonza;"VonRueden, Baumbach and Blick"
Mahlab;"VonRueden, Baumbach and Blick"
Shark;"VonRueden, Baumbach and Blick"
"White Wine";"VonRueden, Baumbach and Blick"
Butter;"VonRueden, Baumbach and Blick"
"Green Tea Noodles";"VonRueden, Baumbach and Blick"
Parsnip;"VonRueden, Baumbach and Blick"
Pork;"VonRueden, Baumbach and Blick"
Tahini;"VonRueden, Baumbach and Blick"
Tarragon;"VonRueden, Baumbach and Blick"
Warehou;"VonRueden, Baumbach and Blick"
"Chia Seeds";"VonRueden, Baumbach and Blick"
Cornmeal;"VonRueden, Baumbach and Blick"
"Extra Virgin Olive Oil";"VonRueden, Baumbach and Blick"
"Iceberg Lettuce";"VonRueden, Baumbach and Blick"
Provolone;"VonRueden, Baumbach and Blick"
"Tapioca Flour";"VonRueden, Baumbach and Blick"
"Baking Powder";Ward-Heller
"Bean Sprouts";Ward-Heller
"Cream Cheese";Ward-Heller
"Pear Juice";Ward-Heller
"William Pear";Ward-Heller
Beef;Ward-Heller
"Black Eyed Beans";Ward-Heller
"Chia Seeds";Ward-Heller
"Nutritional Yeast";Ward-Heller
"Rice Noodles";Ward-Heller
"Taleggio Cheese";Ward-Heller
Turnips;Ward-Heller
Fingerlime;Ward-Heller
"Flaxseed Oil";Ward-Heller
"Rye Bread";Ward-Heller
"Sunflower Oil";Ward-Heller
Tamarillo;Ward-Heller
Apples;White-Stroman
"Baking Powder";White-Stroman
"Extra Virgin Olive Oil";White-Stroman
"Flaxseed Oil";White-Stroman
Peas;White-Stroman
"Rye Bread";White-Stroman
Soymilk;White-Stroman
"William Pear";White-Stroman
Achacha;White-Stroman
Oatmeal;White-Stroman
Parsnip;White-Stroman
Redfish;White-Stroman
"Rice Noodles";White-Stroman
Berries;White-Stroman
"Cottage Cheese";White-Stroman
Nuts;White-Stroman
Pork;White-Stroman
Rockmelon;White-Stroman
Shark;White-Stroman
"Black Eyed Beans";White-Stroman
Cardamom;White-Stroman
"Hokkien Noodles";White-Stroman
Strawberries;White-Stroman
Warehou;White-Stroman
Camomile;White-Stroman
Lychees;White-Stroman
Mastic;White-Stroman
Achacha;"Willms, Larson and Herzog"
"Cottage Cheese";"Willms, Larson and Herzog"
Mahlab;"Willms, Larson and Herzog"
Salmon;"Willms, Larson and Herzog"
"Sunflower Oil";"Willms, Larson and Herzog"
"Baking Powder";"Willms, Larson and Herzog"
Kombu;"Willms, Larson and Herzog"
Provolone;"Willms, Larson and Herzog"
Soymilk;"Willms, Larson and Herzog"
Strawberries;"Willms, Larson and Herzog"
Tamarillo;"Willms, Larson and Herzog"
Tarragon;"Willms, Larson and Herzog"
Bacon;"Willms, Larson and Herzog"
"Flaxseed Oil";"Willms, Larson and Herzog"
Rockmelon;"Willms, Larson and Herzog"
Silverbeet;"Willms, Larson and Herzog"
Tahini;"Willms, Larson and Herzog"
Turnips;"Willms, Larson and Herzog"
"Curry Powder";Wolff-Cartwright
"Jasmine Rice";Wolff-Cartwright
Soymilk;Wolff-Cartwright
"Bean Sprouts";Wolff-Cartwright
"Pear Juice";Wolff-Cartwright
Beef;Wolff-Cartwright
"Rye Bread";Wolff-Cartwright
Camomile;Wolff-Cartwright
Plums;Wolff-Cartwright
"Canola Oil";"Zieme Inc"
Fingerlime;"Zieme Inc"
"Rice Noodles";"Zieme Inc"
Tahini;"Zieme Inc"
Tarragon;"Zieme Inc"
Beef;"Zieme Inc"
Elderberry;"Zieme Inc"
"Flat Mushrooms";"Zieme Inc"
"Nutritional Yeast";"Zieme Inc"
"Pecan Nut";"Zieme Inc"
Pork;"Zieme Inc"
"Smoked Trout";"Zieme Inc"
"Vegetable Stock";"Zieme Inc"
Cauliflower;"Zieme Inc"
Cornmeal;"Zieme Inc"
"Rice Flour";"Zieme Inc"
"Rose Water";"Zieme Inc"
Soymilk;"Zieme Inc"
Freekeh;"Zieme Inc"
Parsnip;"Zieme Inc"
Redfish;"Zieme Inc"
Spinach;"Zieme Inc"
Strawberries;"Zieme Inc"
Ham;"Zieme Inc"
Lychees;"Zieme Inc"
Nuts;"Zieme Inc"
"Omega Spread";"Zieme Inc"
"Sunflower Seeds";"Zieme Inc"
Warehou;"Zieme Inc"
