Berries;"Altenwerth and Sons";"Pasta and Beans"
"Cottage Cheese";"Altenwerth and Sons";"Pasta and Beans"
Nuts;"Altenwerth and Sons";"Pasta and Beans"
Pork;"Altenwerth and Sons";"Pasta and Beans"
Redfish;"Altenwerth and Sons";"Pasta and Beans"
Rockmelon;"Altenwerth and Sons";"Pasta and Beans"
"Rye Bread";"Altenwerth and Sons";"Pasta and Beans"
Shark;"Altenwerth and Sons";"Pasta and Beans"
"Dried Apricots";"Altenwerth and Sons";"Pork Belly Buns"
"Hokkien Noodles";"Altenwerth and Sons";"Pork Belly Buns"
Kombu;"Altenwerth and Sons";"Pork Belly Buns"
Rockmelon;"Altenwerth and Sons";"Pork Belly Buns"
"Rye Bread";"Altenwerth and Sons";"Pork Belly Buns"
"Sunflower Seeds";"Altenwerth and Sons";"Pork Belly Buns"
Tahini;"Altenwerth and Sons";"Pork Belly Buns"
"Tapioca Flour";"Altenwerth and Sons";"Pork Belly Buns"
"Apple Cider Vinegar";"Altenwerth and Sons";"Pappardelle alla Bolognese"
Loquats;"Altenwerth and Sons";"Pappardelle alla Bolognese"
Pork;"Altenwerth and Sons";"Pappardelle alla Bolognese"
Provolone;"Altenwerth and Sons";"Pappardelle alla Bolognese"
Tarragon;"Altenwerth and Sons";"Pappardelle alla Bolognese"
Butter;"Altenwerth and Sons";"Salmon Nigiri"
"Green Tea Noodles";"Altenwerth and Sons";"Salmon Nigiri"
Parsnip;"Altenwerth and Sons";"Salmon Nigiri"
Pork;"Altenwerth and Sons";"Salmon Nigiri"
Tahini;"Altenwerth and Sons";"Salmon Nigiri"
Tarragon;"Altenwerth and Sons";"Salmon Nigiri"
Warehou;"Altenwerth and Sons";"Salmon Nigiri"
"Flat Mushrooms";"Aufderhar, Mosciski and Smith";Poke
Nuts;"Aufderhar, Mosciski and Smith";Poke
Peas;"Aufderhar, Mosciski and Smith";Poke
Spinach;"Aufderhar, Mosciski and Smith";Poke
Cornmeal;"Aufderhar, Mosciski and Smith";"Ebiten maki"
"Rose Water";"Aufderhar, Mosciski and Smith";"Ebiten maki"
Cardamom;"Aufderhar, Mosciski and Smith";"California Maki"
"Green Tea Noodles";"Aufderhar, Mosciski and Smith";"California Maki"
Lychees;"Aufderhar, Mosciski and Smith";"California Maki"
"Black Eyed Beans";"Aufderhar, Mosciski and Smith";"Risotto with Seafood"
Achacha;"Aufderhar, Mosciski and Smith";"Cauliflower Penne"
Nuts;"Aufderhar, Mosciski and Smith";"Cauliflower Penne"
Plums;"Aufderhar, Mosciski and Smith";"Cauliflower Penne"
"Sunflower Seeds";"Aufderhar, Mosciski and Smith";"Cauliflower Penne"
Apples;"Bahringer LLC";"Tuna Sashimi"
Butter;"Bahringer LLC";"Tuna Sashimi"
Cacao;"Bahringer LLC";"Tuna Sashimi"
"Corn Oil";"Bahringer LLC";"Tuna Sashimi"
"Cream Cheese";"Bahringer LLC";"Tuna Sashimi"
Oatmeal;"Bahringer LLC";"Tuna Sashimi"
"Smoked Trout";"Bahringer LLC";"Tuna Sashimi"
"Soy Beans";"Bahringer LLC";"Tuna Sashimi"
"Baking Powder";"Bahringer LLC";"Seafood Paella"
Bonza;"Bahringer LLC";"Seafood Paella"
Butter;"Bahringer LLC";"Seafood Paella"
"Cream Cheese";"Bahringer LLC";"Seafood Paella"
Peas;"Bahringer LLC";"Seafood Paella"
Strawberries;"Bahringer LLC";"Seafood Paella"
Apples;"Bahringer LLC";"Scotch Eggs"
"Baking Powder";"Bahringer LLC";"Scotch Eggs"
"Extra Virgin Olive Oil";"Bahringer LLC";"Scotch Eggs"
"Flaxseed Oil";"Bahringer LLC";"Scotch Eggs"
Peas;"Bahringer LLC";"Scotch Eggs"
"Rye Bread";"Bahringer LLC";"Scotch Eggs"
Soymilk;"Bahringer LLC";"Scotch Eggs"
"William Pear";"Bahringer LLC";"Scotch Eggs"
"Cottage Cheese";"Becker, Considine and Koelpin";Pierogi
"Flaxseed Oil";"Becker, Considine and Koelpin";Pierogi
Tahini;"Becker, Considine and Koelpin";Pierogi
"Black Eyed Beans";"Becker, Considine and Koelpin";Kebab
"Curry Powder";"Becker, Considine and Koelpin";Kebab
Feta;"Becker, Considine and Koelpin";Kebab
"Jasmine Rice";"Becker, Considine and Koelpin";Kebab
"Vegetable Oil";"Becker, Considine and Koelpin";Kebab
"Jasmine Rice";"Becker, Considine and Koelpin";"Ricotta Stuffed Ravioli"
"Pecan Nut";"Becker, Considine and Koelpin";"Ricotta Stuffed Ravioli"
"Soy Beans";"Becker, Considine and Koelpin";Pizza
"Baking Powder";Berge-Parker;"Mushroom Risotto"
"Vegetable Stock";Berge-Parker;"Mushroom Risotto"
"Canola Oil";Berge-Parker;"Caesar Salad"
"Coriander Leaves";Berge-Parker;"Caesar Salad"
"Curry Powder";Berge-Parker;"Caesar Salad"
"Flaxseed Oil";Berge-Parker;"Meatballs with Sauce"
Tamarillo;Berge-Parker;"Meatballs with Sauce"
"Nutritional Yeast";Berge-Parker;"Caprese Salad"
Pork;Berge-Parker;"Caprese Salad"
"Smoked Trout";Berge-Parker;"Caprese Salad"
"Vegetable Stock";Berge-Parker;"Caprese Salad"
"Rose Water";Berge-Parker;"Fish and Chips"
"Smoked Trout";Berge-Parker;"Fish and Chips"
"Vegetable Oil";Berge-Parker;"Fish and Chips"
Provolone;"Blanda and Sons";Lasagne
"Soy Beans";"Blanda and Sons";Lasagne
"Flaxseed Oil";"Blanda and Sons";Cheeseburger
Lychees;"Blanda and Sons";Cheeseburger
Mastic;"Blanda and Sons";Cheeseburger
"Baking Powder";"Blanda and Sons";"Vegetable Soup"
Berries;"Blanda and Sons";"Vegetable Soup"
"Black Eyed Beans";"Blanda and Sons";"Vegetable Soup"
Tahini;"Blanda and Sons";"Vegetable Soup"
"Baking Powder";"Blanda and Sons";"French Toast"
"Black Eyed Beans";"Blanda and Sons";"French Toast"
"Tapioca Flour";"Blanda and Sons";"French Toast"
"Baking Powder";Blick-Bartell;"Vegetable Soup"
Beef;Blick-Bartell;"Vegetable Soup"
Berries;Blick-Bartell;"Vegetable Soup"
"Black Eyed Beans";Blick-Bartell;"Vegetable Soup"
Feta;Blick-Bartell;"Vegetable Soup"
Tahini;Blick-Bartell;"Vegetable Soup"
Cauliflower;Blick-Bartell;"Ebiten maki"
Cornmeal;Blick-Bartell;"Ebiten maki"
"Rice Flour";Blick-Bartell;"Ebiten maki"
"Rose Water";Blick-Bartell;"Ebiten maki"
Soymilk;Blick-Bartell;"Ebiten maki"
Achacha;Blick-Bartell;"French Fries with Sausages"
"Baking Powder";Blick-Bartell;"French Fries with Sausages"
Oatmeal;Blick-Bartell;"French Fries with Sausages"
Parsnip;Blick-Bartell;"French Fries with Sausages"
Peas;Blick-Bartell;"French Fries with Sausages"
Redfish;Blick-Bartell;"French Fries with Sausages"
"Rice Noodles";Blick-Bartell;"French Fries with Sausages"
"Chia Seeds";Blick-Bartell;Arepas
Cornmeal;Blick-Bartell;Arepas
"Extra Virgin Olive Oil";Blick-Bartell;Arepas
"Iceberg Lettuce";Blick-Bartell;Arepas
Provolone;Blick-Bartell;Arepas
"Tapioca Flour";Blick-Bartell;Arepas
"Baking Powder";Blick-Bartell;"Seafood Paella"
Bonza;Blick-Bartell;"Seafood Paella"
Butter;Blick-Bartell;"Seafood Paella"
"Cream Cheese";Blick-Bartell;"Seafood Paella"
Peas;Blick-Bartell;"Seafood Paella"
Strawberries;Blick-Bartell;"Seafood Paella"
"Flat Mushrooms";Bosco-Bayer;Poke
"Bean Sprouts";Bosco-Bayer;"Chilli con Carne"
Elderberry;Bosco-Bayer;"Linguine with Clams"
Saffron;Bosco-Bayer;"Linguine with Clams"
Ham;"Botsford Inc";Sushi
Tarragon;"Botsford Inc";Sushi
Rockmelon;"Botsford Inc";"Chicken Wings"
Parsnip;"Botsford Inc";"Risotto with Seafood"
Tahini;"Botsford Inc";"Risotto with Seafood"
Lychees;"Botsford Inc";"California Maki"
Tamarillo;"Botsford Inc";"California Maki"
"Flaxseed Oil";"Botsford Inc";Cheeseburger
Lychees;"Botsford Inc";Cheeseburger
Mastic;"Botsford Inc";Cheeseburger
"Cream Cheese";Braun-Wunsch;"Pasta with Tomato and Basil"
"Sunflower Oil";Braun-Wunsch;"Pasta with Tomato and Basil"
Bacon;Braun-Wunsch;Pierogi
Tahini;Braun-Wunsch;Pierogi
Turnips;Braun-Wunsch;Pierogi
Beef;Braun-Wunsch;"Philadelphia Maki"
Elderberry;Braun-Wunsch;"Philadelphia Maki"
Turnips;Braun-Wunsch;"Philadelphia Maki"
Achacha;Braun-Wunsch;Pizza
"Cream Cheese";Braun-Wunsch;Pizza
"Corn Oil";"Breitenberg Group";"Mushroom Risotto"
"Pecan Nut";"Breitenberg Group";"Mushroom Risotto"
"Vegetable Stock";"Breitenberg Group";"Mushroom Risotto"
"Black Eyed Beans";"Breitenberg Group";"Bruschette with Tomato"
Turnips;"Breitenberg Group";"Bruschette with Tomato"
Peas;"Breitenberg Group";Poke
Spinach;"Breitenberg Group";Poke
"Flat Mushrooms";"Brown Group";Poke
Nuts;"Brown Group";Poke
"Corn Oil";"Brown Group";"Stinky Tofu"
Kidneys;"Brown Group";"Stinky Tofu"
"Nutritional Yeast";"Brown Group";"Stinky Tofu"
Parsnip;"Brown Group";"Stinky Tofu"
Parsnip;"Brown Group";"Salmon Nigiri"
Tarragon;"Brown Group";"Salmon Nigiri"
"Dried Apricots";"Brown Group";"Pork Belly Buns"
"Sunflower Seeds";"Brown Group";"Pork Belly Buns"
"Cottage Cheese";"Brown Group";Pierogi
"Flaxseed Oil";"Brown Group";Pierogi
"Black Eyed Beans";Bruen-Jaskolski;"Risotto with Seafood"
"Corn Oil";Bruen-Jaskolski;"Risotto with Seafood"
"Pear Juice";Bruen-Jaskolski;"Risotto with Seafood"
Tahini;Bruen-Jaskolski;"Risotto with Seafood"
"Vegetable Stock";Bruen-Jaskolski;"Risotto with Seafood"
Kidneys;Bruen-Jaskolski;Sushi
Lychees;Bruen-Jaskolski;Cheeseburger
"Cottage Cheese";Bruen-Jaskolski;Pierogi
Silverbeet;Bruen-Jaskolski;Pierogi
Tahini;Bruen-Jaskolski;Pierogi
"Flat Mushrooms";Champlin-Kemmer;"Chicken Fajitas"
"Nutritional Yeast";Champlin-Kemmer;"Chicken Fajitas"
Peas;Champlin-Kemmer;"Chicken Fajitas"
Redfish;Champlin-Kemmer;"Chicken Fajitas"
"Taleggio Cheese";Champlin-Kemmer;"Chicken Fajitas"
"Flat Mushrooms";Champlin-Kemmer;Poke
Nuts;Champlin-Kemmer;Poke
Peas;Champlin-Kemmer;Poke
Soymilk;Champlin-Kemmer;Poke
Spinach;Champlin-Kemmer;Poke
Berries;Champlin-Kemmer;"Pasta and Beans"
"Cottage Cheese";Champlin-Kemmer;"Pasta and Beans"
Nuts;Champlin-Kemmer;"Pasta and Beans"
Pork;Champlin-Kemmer;"Pasta and Beans"
Redfish;Champlin-Kemmer;"Pasta and Beans"
Rockmelon;Champlin-Kemmer;"Pasta and Beans"
"Rye Bread";Champlin-Kemmer;"Pasta and Beans"
Shark;Champlin-Kemmer;"Pasta and Beans"
Achacha;Champlin-Kemmer;"Cauliflower Penne"
Camomile;Champlin-Kemmer;"Cauliflower Penne"
Nuts;Champlin-Kemmer;"Cauliflower Penne"
"Pecan Nut";Champlin-Kemmer;"Cauliflower Penne"
Plums;Champlin-Kemmer;"Cauliflower Penne"
"Sunflower Seeds";Champlin-Kemmer;"Cauliflower Penne"
Tarragon;Champlin-Kemmer;"Cauliflower Penne"
"Vegetable Oil";Champlin-Kemmer;"Cauliflower Penne"
Achacha;"Cole Group";"Cauliflower Penne"
Camomile;"Cole Group";"Cauliflower Penne"
Nuts;"Cole Group";"Cauliflower Penne"
"Pecan Nut";"Cole Group";"Cauliflower Penne"
Plums;"Cole Group";"Cauliflower Penne"
"Sunflower Seeds";"Cole Group";"Cauliflower Penne"
Tarragon;"Cole Group";"Cauliflower Penne"
"Vegetable Oil";"Cole Group";"Cauliflower Penne"
Camomile;"Cole Group";Cheeseburger
"Flaxseed Oil";"Cole Group";Cheeseburger
Lychees;"Cole Group";Cheeseburger
Mastic;"Cole Group";Cheeseburger
Strawberries;"Cole Group";Cheeseburger
Apples;"Cole Group";"Massaman Curry"
Apricots;"Cole Group";"Massaman Curry"
Cornmeal;"Cole Group";"Massaman Curry"
"Pear Juice";"Cole Group";"Massaman Curry"
Plums;"Cole Group";"Massaman Curry"
Silverbeet;"Cole Group";"Massaman Curry"
Wakame;"Cole Group";"Massaman Curry"
Freekeh;"Cole Group";"Teriyaki Chicken Donburi"
Parsnip;"Cole Group";"Teriyaki Chicken Donburi"
Redfish;"Cole Group";"Teriyaki Chicken Donburi"
Spinach;"Cole Group";"Teriyaki Chicken Donburi"
Strawberries;"Cole Group";"Teriyaki Chicken Donburi"
Apples;"Cole Group";"Scotch Eggs"
"Baking Powder";"Cole Group";"Scotch Eggs"
"Extra Virgin Olive Oil";"Cole Group";"Scotch Eggs"
"Flaxseed Oil";"Cole Group";"Scotch Eggs"
Peas;"Cole Group";"Scotch Eggs"
"Rye Bread";"Cole Group";"Scotch Eggs"
Soymilk;"Cole Group";"Scotch Eggs"
"William Pear";"Cole Group";"Scotch Eggs"
Freekeh;"Cremin Inc";"Chicken Milanese"
Lychees;"Cremin Inc";"Chicken Milanese"
"Pecan Nut";"Cremin Inc";"Cauliflower Penne"
Plums;"Cremin Inc";"Cauliflower Penne"
"Baking Powder";"Cremin Inc";"Seafood Paella"
Peas;"Cremin Inc";"Seafood Paella"
Apples;Cruickshank-Franecki;"Tuna Sashimi"
Butter;Cruickshank-Franecki;"Tuna Sashimi"
Cacao;Cruickshank-Franecki;"Tuna Sashimi"
"Corn Oil";Cruickshank-Franecki;"Tuna Sashimi"
"Cream Cheese";Cruickshank-Franecki;"Tuna Sashimi"
Oatmeal;Cruickshank-Franecki;"Tuna Sashimi"
"Smoked Trout";Cruickshank-Franecki;"Tuna Sashimi"
"Soy Beans";Cruickshank-Franecki;"Tuna Sashimi"
"Baking Powder";Cruickshank-Franecki;"Chilli con Carne"
"Bean Sprouts";Cruickshank-Franecki;"Chilli con Carne"
"Cream Cheese";Cruickshank-Franecki;"Chilli con Carne"
"Pear Juice";Cruickshank-Franecki;"Chilli con Carne"
"William Pear";Cruickshank-Franecki;"Chilli con Carne"
"Baking Powder";Cruickshank-Franecki;"Pasta Carbonara"
Kombu;Cruickshank-Franecki;"Pasta Carbonara"
Mahlab;Cruickshank-Franecki;"Pasta Carbonara"
Provolone;Cruickshank-Franecki;"Pasta Carbonara"
Soymilk;Cruickshank-Franecki;"Pasta Carbonara"
Strawberries;Cruickshank-Franecki;"Pasta Carbonara"
Tamarillo;Cruickshank-Franecki;"Pasta Carbonara"
Tarragon;Cruickshank-Franecki;"Pasta Carbonara"
Apricots;"Cummings, O'Hara and Casper";Pho
"Hokkien Noodles";"Cummings, O'Hara and Casper";"Pork Sausage Roll"
Nuts;"Cummings, O'Hara and Casper";"Pork Sausage Roll"
Parsnip;"Cummings, O'Hara and Casper";"Pork Sausage Roll"
"Rice Noodles";"Cummings, O'Hara and Casper";"Peking Duck"
"Cream Cheese";"Cummings, O'Hara and Casper";"Chilli con Carne"
"Pear Juice";"Cummings, O'Hara and Casper";"Chilli con Carne"
"William Pear";"Cummings, O'Hara and Casper";"Chilli con Carne"
"Apple Cider Vinegar";"Dare LLC";"Pappardelle alla Bolognese"
Loquats;"Dare LLC";"Pappardelle alla Bolognese"
Pork;"Dare LLC";"Pappardelle alla Bolognese"
Tarragon;"Dare LLC";"Pappardelle alla Bolognese"
"Vegetable Stock";"Dare LLC";"Mushroom Risotto"
Bonza;"Dare LLC";"Bunny Chow"
"Chia Seeds";"Dare, Hoppe and Moore";Arepas
Cornmeal;"Dare, Hoppe and Moore";Arepas
"Extra Virgin Olive Oil";"Dare, Hoppe and Moore";Arepas
"Iceberg Lettuce";"Dare, Hoppe and Moore";Arepas
Provolone;"Dare, Hoppe and Moore";Arepas
"Tapioca Flour";"Dare, Hoppe and Moore";Arepas
Achacha;"Dare, Hoppe and Moore";Hummus
"Cream Cheese";"Dare, Hoppe and Moore";Hummus
"Dried Apricots";"Dare, Hoppe and Moore";Hummus
"Pecan Nut";"Dare, Hoppe and Moore";Hummus
Shark;"Dare, Hoppe and Moore";Hummus
Strawberries;"Dare, Hoppe and Moore";Hummus
"Tapioca Flour";"Dare, Hoppe and Moore";Hummus
Turnips;"Dare, Hoppe and Moore";Hummus
Apples;"Dare, Hoppe and Moore";"Massaman Curry"
Apricots;"Dare, Hoppe and Moore";"Massaman Curry"
Cornmeal;"Dare, Hoppe and Moore";"Massaman Curry"
"Pear Juice";"Dare, Hoppe and Moore";"Massaman Curry"
Plums;"Dare, Hoppe and Moore";"Massaman Curry"
Silverbeet;"Dare, Hoppe and Moore";"Massaman Curry"
Wakame;"Dare, Hoppe and Moore";"Massaman Curry"
Achacha;"Dare, Hoppe and Moore";"Katsu Curry"
"Black Eyed Beans";"Dare, Hoppe and Moore";"Katsu Curry"
Cardamom;"Dare, Hoppe and Moore";"Katsu Curry"
"Hokkien Noodles";"Dare, Hoppe and Moore";"Katsu Curry"
Strawberries;"Dare, Hoppe and Moore";"Katsu Curry"
Warehou;"Dare, Hoppe and Moore";"Katsu Curry"
"William Pear";"Dare, Hoppe and Moore";"Katsu Curry"
"Apple Cider Vinegar";"Dare, Hoppe and Moore";"Pappardelle alla Bolognese"
Loquats;"Dare, Hoppe and Moore";"Pappardelle alla Bolognese"
Pork;"Dare, Hoppe and Moore";"Pappardelle alla Bolognese"
Provolone;"Dare, Hoppe and Moore";"Pappardelle alla Bolognese"
Tarragon;"Dare, Hoppe and Moore";"Pappardelle alla Bolognese"
"Rose Water";Deckow-Kihn;"Chicken Wings"
Lychees;Deckow-Kihn;"Chicken Parm"
"Rose Water";Deckow-Kihn;"Chicken Parm"
"Sunflower Seeds";Deckow-Kihn;"Chicken Parm"
Warehou;Deckow-Kihn;"Chicken Parm"
Berries;Deckow-Kihn;"Vegetable Soup"
Kombu;Deckow-Kihn;Sushi
Freekeh;Dickens-Ortiz;"Teriyaki Chicken Donburi"
Parsnip;Dickens-Ortiz;"Teriyaki Chicken Donburi"
Spinach;Dickens-Ortiz;"Teriyaki Chicken Donburi"
"Rose Water";Dickens-Ortiz;"Fish and Chips"
Saffron;Dickens-Ortiz;"Fish and Chips"
"Smoked Trout";Dickens-Ortiz;"Fish and Chips"
"Soy Beans";Dickens-Ortiz;"Fish and Chips"
"Vegetable Oil";Dickens-Ortiz;"Fish and Chips"
Achacha;Dickens-Ortiz;"Som Tam"
"Corn Oil";Dickens-Ortiz;"Som Tam"
"Cottage Cheese";Dickens-Ortiz;"Som Tam"
"Omega Spread";Dickens-Ortiz;"Som Tam"
Tinned;Dickens-Ortiz;"Som Tam"
"Corn Oil";"Dietrich Inc";"Stinky Tofu"
"Nutritional Yeast";"Dietrich Inc";"Stinky Tofu"
Peas;"Dietrich Inc";"Stinky Tofu"
"Rose Water";"Dietrich Inc";"Stinky Tofu"
Shark;"Dietrich Inc";"Stinky Tofu"
Oatmeal;"Dietrich Inc";"French Fries with Sausages"
Peas;"Dietrich Inc";"French Fries with Sausages"
"Rice Noodles";"Dietrich Inc";"French Fries with Sausages"
Freekeh;"Dietrich Inc";"Chicken Wings"
"Jasmine Rice";"Dietrich Inc";"Chicken Wings"
"Rose Water";"Dietrich Inc";"Chicken Wings"
"Bean Sprouts";"Ernser, Champlin and Halvorson";Lasagne
"Extra Virgin Olive Oil";"Ernser, Champlin and Halvorson";Lasagne
Oatmeal;"Ernser, Champlin and Halvorson";Lasagne
Provolone;"Ernser, Champlin and Halvorson";Lasagne
Silverbeet;"Ernser, Champlin and Halvorson";Lasagne
"Soy Beans";"Ernser, Champlin and Halvorson";Lasagne
"Baking Powder";"Ernser, Champlin and Halvorson";"Chilli con Carne"
"Bean Sprouts";"Ernser, Champlin and Halvorson";"Chilli con Carne"
"Cream Cheese";"Ernser, Champlin and Halvorson";"Chilli con Carne"
"Pear Juice";"Ernser, Champlin and Halvorson";"Chilli con Carne"
"William Pear";"Ernser, Champlin and Halvorson";"Chilli con Carne"
Achacha;"Ernser, Champlin and Halvorson";"French Toast"
"Baking Powder";"Ernser, Champlin and Halvorson";"French Toast"
"Black Eyed Beans";"Ernser, Champlin and Halvorson";"French Toast"
Rockmelon;"Ernser, Champlin and Halvorson";"French Toast"
"Tapioca Flour";"Ernser, Champlin and Halvorson";"French Toast"
"Corn Oil";"Ernser, Champlin and Halvorson";"Stinky Tofu"
Ham;"Ernser, Champlin and Halvorson";"Stinky Tofu"
Kidneys;"Ernser, Champlin and Halvorson";"Stinky Tofu"
"Nutritional Yeast";"Ernser, Champlin and Halvorson";"Stinky Tofu"
Parsnip;"Ernser, Champlin and Halvorson";"Stinky Tofu"
Peas;"Ernser, Champlin and Halvorson";"Stinky Tofu"
"Rose Water";"Ernser, Champlin and Halvorson";"Stinky Tofu"
Shark;"Ernser, Champlin and Halvorson";"Stinky Tofu"
"Baking Powder";"Ernser, Champlin and Halvorson";"Seafood Paella"
Bonza;"Ernser, Champlin and Halvorson";"Seafood Paella"
Butter;"Ernser, Champlin and Halvorson";"Seafood Paella"
"Cream Cheese";"Ernser, Champlin and Halvorson";"Seafood Paella"
Peas;"Ernser, Champlin and Halvorson";"Seafood Paella"
Strawberries;"Ernser, Champlin and Halvorson";"Seafood Paella"
Achacha;Fadel-Jast;"French Toast"
"Baking Powder";Fadel-Jast;"French Toast"
"Black Eyed Beans";Fadel-Jast;"French Toast"
Rockmelon;Fadel-Jast;"French Toast"
"Tapioca Flour";Fadel-Jast;"French Toast"
"Dried Apricots";Fadel-Jast;"Pork Belly Buns"
"Hokkien Noodles";Fadel-Jast;"Pork Belly Buns"
Kombu;Fadel-Jast;"Pork Belly Buns"
Rockmelon;Fadel-Jast;"Pork Belly Buns"
"Rye Bread";Fadel-Jast;"Pork Belly Buns"
"Sunflower Seeds";Fadel-Jast;"Pork Belly Buns"
Tahini;Fadel-Jast;"Pork Belly Buns"
"Tapioca Flour";Fadel-Jast;"Pork Belly Buns"
Apricots;Fadel-Jast;"Chicken Milanese"
Berries;Fadel-Jast;"Chicken Milanese"
Cardamom;Fadel-Jast;"Chicken Milanese"
Freekeh;Fadel-Jast;"Chicken Milanese"
Lychees;Fadel-Jast;"Chicken Milanese"
Freekeh;Fadel-Jast;"Teriyaki Chicken Donburi"
Parsnip;Fadel-Jast;"Teriyaki Chicken Donburi"
Redfish;Fadel-Jast;"Teriyaki Chicken Donburi"
Spinach;Fadel-Jast;"Teriyaki Chicken Donburi"
Strawberries;Fadel-Jast;"Teriyaki Chicken Donburi"
Apples;"Feest, Sporer and Bosco";"Tuna Sashimi"
Butter;"Feest, Sporer and Bosco";"Tuna Sashimi"
Cacao;"Feest, Sporer and Bosco";"Tuna Sashimi"
"Corn Oil";"Feest, Sporer and Bosco";"Tuna Sashimi"
"Cream Cheese";"Feest, Sporer and Bosco";"Tuna Sashimi"
Oatmeal;"Feest, Sporer and Bosco";"Tuna Sashimi"
"Smoked Trout";"Feest, Sporer and Bosco";"Tuna Sashimi"
"Soy Beans";"Feest, Sporer and Bosco";"Tuna Sashimi"
Cinnamon;"Feest, Sporer and Bosco";"Pasta with Tomato and Basil"
"Cream Cheese";"Feest, Sporer and Bosco";"Pasta with Tomato and Basil"
Parsnip;"Feest, Sporer and Bosco";"Pasta with Tomato and Basil"
Soymilk;"Feest, Sporer and Bosco";"Pasta with Tomato and Basil"
"Sunflower Oil";"Feest, Sporer and Bosco";"Pasta with Tomato and Basil"
Tarragon;"Feest, Sporer and Bosco";"Pasta with Tomato and Basil"
"Baking Powder";"Feest, Sporer and Bosco";"Seafood Paella"
Bonza;"Feest, Sporer and Bosco";"Seafood Paella"
Butter;"Feest, Sporer and Bosco";"Seafood Paella"
"Cream Cheese";"Feest, Sporer and Bosco";"Seafood Paella"
Peas;"Feest, Sporer and Bosco";"Seafood Paella"
Strawberries;"Feest, Sporer and Bosco";"Seafood Paella"
Ham;Feest-Bode;Sushi
Kidneys;Feest-Bode;Sushi
Kombu;Feest-Bode;Sushi
Tarragon;Feest-Bode;Sushi
Tinned;Feest-Bode;Sushi
"Apple Cider Vinegar";Feest-Bode;"Pappardelle alla Bolognese"
Loquats;Feest-Bode;"Pappardelle alla Bolognese"
Pork;Feest-Bode;"Pappardelle alla Bolognese"
Provolone;Feest-Bode;"Pappardelle alla Bolognese"
Tarragon;Feest-Bode;"Pappardelle alla Bolognese"
Fingerlime;Feest-Bode;"Meatballs with Sauce"
"Flaxseed Oil";Feest-Bode;"Meatballs with Sauce"
"Rye Bread";Feest-Bode;"Meatballs with Sauce"
"Sunflower Oil";Feest-Bode;"Meatballs with Sauce"
Tamarillo;Feest-Bode;"Meatballs with Sauce"
"Baking Powder";Feest-Bode;"Chilli con Carne"
"Bean Sprouts";Feest-Bode;"Chilli con Carne"
"Cream Cheese";Feest-Bode;"Chilli con Carne"
"Pear Juice";Feest-Bode;"Chilli con Carne"
"William Pear";Feest-Bode;"Chilli con Carne"
"Cream Cheese";"Feil LLC";"California Maki"
Lychees;"Feil LLC";"California Maki"
Provolone;"Feil LLC";"California Maki"
Pork;"Feil LLC";"Pappardelle alla Bolognese"
Provolone;"Feil LLC";"Pappardelle alla Bolognese"
Berries;"Feil LLC";"Pasta and Beans"
Nuts;"Feil LLC";"Pasta and Beans"
Pork;"Feil LLC";"Pasta and Beans"
Redfish;"Feil LLC";"Pasta and Beans"
Shark;"Feil LLC";"Pasta and Beans"
"Flaxseed Oil";"Feil LLC";Cheeseburger
Lychees;"Feil LLC";Cheeseburger
Mastic;"Feil LLC";Cheeseburger
Strawberries;"Feil LLC";Cheeseburger
Ham;"Feil LLC";Sushi
Kidneys;"Feil LLC";Sushi
Beef;"Franecki Group";"Philadelphia Maki"
Bonza;"Franecki Group";"Philadelphia Maki"
Elderberry;"Franecki Group";"Philadelphia Maki"
Tamarillo;"Franecki Group";"Philadelphia Maki"
Turnips;"Franecki Group";"Philadelphia Maki"
Bonza;"Franecki Group";"Pork Sausage Roll"
"Cottage Cheese";"Franecki Group";"Pork Sausage Roll"
Freekeh;"Franecki Group";"Pork Sausage Roll"
"Hokkien Noodles";"Franecki Group";"Pork Sausage Roll"
Nuts;"Franecki Group";"Pork Sausage Roll"
Parsnip;"Franecki Group";"Pork Sausage Roll"
"Baking Powder";"Franecki Group";"Chilli con Carne"
"Bean Sprouts";"Franecki Group";"Chilli con Carne"
"Cream Cheese";"Franecki Group";"Chilli con Carne"
"Pear Juice";"Franecki Group";"Chilli con Carne"
"William Pear";"Franecki Group";"Chilli con Carne"
Achacha;"Franecki Group";"Som Tam"
Bonza;"Franecki Group";"Som Tam"
"Corn Oil";"Franecki Group";"Som Tam"
"Cottage Cheese";"Franecki Group";"Som Tam"
"Dried Apricots";"Franecki Group";"Som Tam"
"Omega Spread";"Franecki Group";"Som Tam"
Pork;"Franecki Group";"Som Tam"
Tinned;"Franecki Group";"Som Tam"
"Bean Sprouts";"Fritsch, Hegmann and Mueller";Lasagne
"Extra Virgin Olive Oil";"Fritsch, Hegmann and Mueller";Lasagne
Oatmeal;"Fritsch, Hegmann and Mueller";Lasagne
Provolone;"Fritsch, Hegmann and Mueller";Lasagne
Silverbeet;"Fritsch, Hegmann and Mueller";Lasagne
"Soy Beans";"Fritsch, Hegmann and Mueller";Lasagne
Cauliflower;"Fritsch, Hegmann and Mueller";"Fettuccine Alfredo"
Chives;"Fritsch, Hegmann and Mueller";"Fettuccine Alfredo"
"Corn Oil";"Fritsch, Hegmann and Mueller";"Fettuccine Alfredo"
"Pecan Nut";"Fritsch, Hegmann and Mueller";"Fettuccine Alfredo"
Soymilk;"Fritsch, Hegmann and Mueller";"Fettuccine Alfredo"
"Vegetable Oil";"Fritsch, Hegmann and Mueller";"Fettuccine Alfredo"
Beef;"Fritsch, Hegmann and Mueller";"Philadelphia Maki"
Bonza;"Fritsch, Hegmann and Mueller";"Philadelphia Maki"
Elderberry;"Fritsch, Hegmann and Mueller";"Philadelphia Maki"
Tamarillo;"Fritsch, Hegmann and Mueller";"Philadelphia Maki"
Turnips;"Fritsch, Hegmann and Mueller";"Philadelphia Maki"
"Baking Powder";"Funk, Morar and Rodriguez";"Chilli con Carne"
"Bean Sprouts";"Funk, Morar and Rodriguez";"Chilli con Carne"
"Cream Cheese";"Funk, Morar and Rodriguez";"Chilli con Carne"
"Pear Juice";"Funk, Morar and Rodriguez";"Chilli con Carne"
"William Pear";"Funk, Morar and Rodriguez";"Chilli con Carne"
Berries;"Funk, Morar and Rodriguez";Souvlaki
Camomile;"Funk, Morar and Rodriguez";Souvlaki
Cinnamon;"Funk, Morar and Rodriguez";Souvlaki
Redfish;"Funk, Morar and Rodriguez";Souvlaki
"Rose Water";"Funk, Morar and Rodriguez";Souvlaki
"Vegetable Oil";"Funk, Morar and Rodriguez";Souvlaki
Beef;"Funk, Morar and Rodriguez";"Bruschette with Tomato"
"Black Eyed Beans";"Funk, Morar and Rodriguez";"Bruschette with Tomato"
"Chia Seeds";"Funk, Morar and Rodriguez";"Bruschette with Tomato"
"Nutritional Yeast";"Funk, Morar and Rodriguez";"Bruschette with Tomato"
"Rice Noodles";"Funk, Morar and Rodriguez";"Bruschette with Tomato"
"Taleggio Cheese";"Funk, Morar and Rodriguez";"Bruschette with Tomato"
Turnips;"Funk, Morar and Rodriguez";"Bruschette with Tomato"
"William Pear";"Funk, Morar and Rodriguez";"Bruschette with Tomato"
Butter;"Funk, Morar and Rodriguez";"Salmon Nigiri"
"Green Tea Noodles";"Funk, Morar and Rodriguez";"Salmon Nigiri"
Parsnip;"Funk, Morar and Rodriguez";"Salmon Nigiri"
Pork;"Funk, Morar and Rodriguez";"Salmon Nigiri"
Tahini;"Funk, Morar and Rodriguez";"Salmon Nigiri"
Tarragon;"Funk, Morar and Rodriguez";"Salmon Nigiri"
Warehou;"Funk, Morar and Rodriguez";"Salmon Nigiri"
"Baking Powder";"Funk, Morar and Rodriguez";"Vegetable Soup"
Beef;"Funk, Morar and Rodriguez";"Vegetable Soup"
Berries;"Funk, Morar and Rodriguez";"Vegetable Soup"
"Black Eyed Beans";"Funk, Morar and Rodriguez";"Vegetable Soup"
Feta;"Funk, Morar and Rodriguez";"Vegetable Soup"
Tahini;"Funk, Morar and Rodriguez";"Vegetable Soup"
"Hokkien Noodles";"Goldner LLC";"Pork Sausage Roll"
Nuts;"Goldner LLC";"Pork Sausage Roll"
Parsnip;"Goldner LLC";"Pork Sausage Roll"
"Black Eyed Beans";"Goldner LLC";"Bunny Chow"
Mahlab;"Goldner LLC";"Bunny Chow"
"White Wine";"Goldner LLC";"Bunny Chow"
Butter;"Goldner LLC";"Salmon Nigiri"
Parsnip;"Goldner LLC";"Salmon Nigiri"
Pork;"Goldner LLC";"Salmon Nigiri"
Tahini;"Goldner LLC";"Salmon Nigiri"
Warehou;"Goldner LLC";"Salmon Nigiri"
Berries;"Goldner LLC";Souvlaki
Apricots;"Goldner LLC";"Massaman Curry"
Cornmeal;"Goldner LLC";"Massaman Curry"
"Black Eyed Beans";Grant-Hand;Kebab
"Curry Powder";Grant-Hand;Kebab
Feta;Grant-Hand;Kebab
"Jasmine Rice";Grant-Hand;Kebab
Soymilk;Grant-Hand;Kebab
"Vegetable Oil";Grant-Hand;Kebab
Bacon;Grant-Hand;"Ricotta Stuffed Ravioli"
Cornmeal;Grant-Hand;"Ricotta Stuffed Ravioli"
Ham;Grant-Hand;"Ricotta Stuffed Ravioli"
"Jasmine Rice";Grant-Hand;"Ricotta Stuffed Ravioli"
Loquats;Grant-Hand;"Ricotta Stuffed Ravioli"
"Pecan Nut";Grant-Hand;"Ricotta Stuffed Ravioli"
"Sunflower Oil";Grant-Hand;"Ricotta Stuffed Ravioli"
"Baking Powder";Grant-Hand;"Mushroom Risotto"
Beef;Grant-Hand;"Mushroom Risotto"
"Corn Oil";Grant-Hand;"Mushroom Risotto"
"Pear Juice";Grant-Hand;"Mushroom Risotto"
"Pecan Nut";Grant-Hand;"Mushroom Risotto"
"Rye Bread";Grant-Hand;"Mushroom Risotto"
"Vegetable Stock";Grant-Hand;"Mushroom Risotto"
"Chia Seeds";Grant-Hand;Arepas
Cornmeal;Grant-Hand;Arepas
"Extra Virgin Olive Oil";Grant-Hand;Arepas
"Iceberg Lettuce";Grant-Hand;Arepas
Provolone;Grant-Hand;Arepas
"Tapioca Flour";Grant-Hand;Arepas
"Flat Mushrooms";"Hane, Walker and Kirlin";"Chicken Fajitas"
"Nutritional Yeast";"Hane, Walker and Kirlin";"Chicken Fajitas"
Peas;"Hane, Walker and Kirlin";"Chicken Fajitas"
Redfish;"Hane, Walker and Kirlin";"Chicken Fajitas"
"Taleggio Cheese";"Hane, Walker and Kirlin";"Chicken Fajitas"
"Baking Powder";"Hane, Walker and Kirlin";"Seafood Paella"
Bonza;"Hane, Walker and Kirlin";"Seafood Paella"
Butter;"Hane, Walker and Kirlin";"Seafood Paella"
"Cream Cheese";"Hane, Walker and Kirlin";"Seafood Paella"
Peas;"Hane, Walker and Kirlin";"Seafood Paella"
Strawberries;"Hane, Walker and Kirlin";"Seafood Paella"
"Baking Powder";"Hane, Walker and Kirlin";"Mushroom Risotto"
Beef;"Hane, Walker and Kirlin";"Mushroom Risotto"
"Corn Oil";"Hane, Walker and Kirlin";"Mushroom Risotto"
"Pear Juice";"Hane, Walker and Kirlin";"Mushroom Risotto"
"Pecan Nut";"Hane, Walker and Kirlin";"Mushroom Risotto"
"Rye Bread";"Hane, Walker and Kirlin";"Mushroom Risotto"
"Vegetable Stock";"Hane, Walker and Kirlin";"Mushroom Risotto"
"Baking Powder";"Hayes, Bins and Considine";"Vegetable Soup"
Beef;"Hayes, Bins and Considine";"Vegetable Soup"
Berries;"Hayes, Bins and Considine";"Vegetable Soup"
"Black Eyed Beans";"Hayes, Bins and Considine";"Vegetable Soup"
Feta;"Hayes, Bins and Considine";"Vegetable Soup"
Tahini;"Hayes, Bins and Considine";"Vegetable Soup"
Freekeh;"Hayes, Bins and Considine";"Teriyaki Chicken Donburi"
Parsnip;"Hayes, Bins and Considine";"Teriyaki Chicken Donburi"
Redfish;"Hayes, Bins and Considine";"Teriyaki Chicken Donburi"
Spinach;"Hayes, Bins and Considine";"Teriyaki Chicken Donburi"
Strawberries;"Hayes, Bins and Considine";"Teriyaki Chicken Donburi"
Achacha;"Hayes, Bins and Considine";"Katsu Curry"
"Black Eyed Beans";"Hayes, Bins and Considine";"Katsu Curry"
Cardamom;"Hayes, Bins and Considine";"Katsu Curry"
"Hokkien Noodles";"Hayes, Bins and Considine";"Katsu Curry"
Strawberries;"Hayes, Bins and Considine";"Katsu Curry"
Warehou;"Hayes, Bins and Considine";"Katsu Curry"
"William Pear";"Hayes, Bins and Considine";"Katsu Curry"
Camomile;"Hayes, Bins and Considine";Cheeseburger
"Flaxseed Oil";"Hayes, Bins and Considine";Cheeseburger
Lychees;"Hayes, Bins and Considine";Cheeseburger
Mastic;"Hayes, Bins and Considine";Cheeseburger
Strawberries;"Hayes, Bins and Considine";Cheeseburger
Berries;"Hayes, Koelpin and Smitham";Souvlaki
Camomile;"Hayes, Koelpin and Smitham";Souvlaki
Cinnamon;"Hayes, Koelpin and Smitham";Souvlaki
Redfish;"Hayes, Koelpin and Smitham";Souvlaki
"Rose Water";"Hayes, Koelpin and Smitham";Souvlaki
"Vegetable Oil";"Hayes, Koelpin and Smitham";Souvlaki
Fingerlime;"Hayes, Koelpin and Smitham";"Meatballs with Sauce"
"Flaxseed Oil";"Hayes, Koelpin and Smitham";"Meatballs with Sauce"
"Rye Bread";"Hayes, Koelpin and Smitham";"Meatballs with Sauce"
"Sunflower Oil";"Hayes, Koelpin and Smitham";"Meatballs with Sauce"
Tamarillo;"Hayes, Koelpin and Smitham";"Meatballs with Sauce"
"Bean Sprouts";"Hayes, Koelpin and Smitham";Lasagne
"Extra Virgin Olive Oil";"Hayes, Koelpin and Smitham";Lasagne
Oatmeal;"Hayes, Koelpin and Smitham";Lasagne
Provolone;"Hayes, Koelpin and Smitham";Lasagne
Silverbeet;"Hayes, Koelpin and Smitham";Lasagne
"Soy Beans";"Hayes, Koelpin and Smitham";Lasagne
Freekeh;"Heaney - Robel and Witting";"Teriyaki Chicken Donburi"
Parsnip;"Heaney - Robel and Witting";"Teriyaki Chicken Donburi"
Redfish;"Heaney - Robel and Witting";"Teriyaki Chicken Donburi"
Spinach;"Heaney - Robel and Witting";"Teriyaki Chicken Donburi"
Strawberries;"Heaney - Robel and Witting";"Teriyaki Chicken Donburi"
Achacha;"Heaney - Robel and Witting";"Katsu Curry"
"Black Eyed Beans";"Heaney - Robel and Witting";"Katsu Curry"
Cardamom;"Heaney - Robel and Witting";"Katsu Curry"
"Hokkien Noodles";"Heaney - Robel and Witting";"Katsu Curry"
Strawberries;"Heaney - Robel and Witting";"Katsu Curry"
Warehou;"Heaney - Robel and Witting";"Katsu Curry"
"William Pear";"Heaney - Robel and Witting";"Katsu Curry"
Berries;"Heaney - Robel and Witting";"Pasta and Beans"
"Cottage Cheese";"Heaney - Robel and Witting";"Pasta and Beans"
Nuts;"Heaney - Robel and Witting";"Pasta and Beans"
Pork;"Heaney - Robel and Witting";"Pasta and Beans"
Redfish;"Heaney - Robel and Witting";"Pasta and Beans"
Rockmelon;"Heaney - Robel and Witting";"Pasta and Beans"
"Rye Bread";"Heaney - Robel and Witting";"Pasta and Beans"
Shark;"Heaney - Robel and Witting";"Pasta and Beans"
"Black Eyed Beans";"Heaney - Robel and Witting";"Chicken Wings"
Freekeh;"Heaney - Robel and Witting";"Chicken Wings"
"Jasmine Rice";"Heaney - Robel and Witting";"Chicken Wings"
"Red Cabbage";"Heaney - Robel and Witting";"Chicken Wings"
Rockmelon;"Heaney - Robel and Witting";"Chicken Wings"
"Rose Water";"Heaney - Robel and Witting";"Chicken Wings"
"Black Eyed Beans";"Heaney - Robel and Witting";"Risotto with Seafood"
"Canola Oil";"Heaney - Robel and Witting";"Risotto with Seafood"
"Corn Oil";"Heaney - Robel and Witting";"Risotto with Seafood"
Parsnip;"Heaney - Robel and Witting";"Risotto with Seafood"
"Pear Juice";"Heaney - Robel and Witting";"Risotto with Seafood"
"Sunflower Oil";"Heaney - Robel and Witting";"Risotto with Seafood"
Tahini;"Heaney - Robel and Witting";"Risotto with Seafood"
"Vegetable Stock";"Heaney - Robel and Witting";"Risotto with Seafood"
"Baking Powder";"Heaney Inc";"Pasta Carbonara"
Kombu;"Heaney Inc";"Pasta Carbonara"
Mahlab;"Heaney Inc";"Pasta Carbonara"
Provolone;"Heaney Inc";"Pasta Carbonara"
Soymilk;"Heaney Inc";"Pasta Carbonara"
Strawberries;"Heaney Inc";"Pasta Carbonara"
Tamarillo;"Heaney Inc";"Pasta Carbonara"
Tarragon;"Heaney Inc";"Pasta Carbonara"
Camomile;"Heaney Inc";"Fish and Chips"
Loquats;"Heaney Inc";"Fish and Chips"
"Rose Water";"Heaney Inc";"Fish and Chips"
Saffron;"Heaney Inc";"Fish and Chips"
"Smoked Trout";"Heaney Inc";"Fish and Chips"
"Soy Beans";"Heaney Inc";"Fish and Chips"
"Tapioca Flour";"Heaney Inc";"Fish and Chips"
"Vegetable Oil";"Heaney Inc";"Fish and Chips"
Ham;"Heaney Inc";"Chicken Parm"
Lychees;"Heaney Inc";"Chicken Parm"
Nuts;"Heaney Inc";"Chicken Parm"
"Omega Spread";"Heaney Inc";"Chicken Parm"
Redfish;"Heaney Inc";"Chicken Parm"
"Rose Water";"Heaney Inc";"Chicken Parm"
"Sunflower Seeds";"Heaney Inc";"Chicken Parm"
Warehou;"Heaney Inc";"Chicken Parm"
"Dried Apricots";"Heaney Inc";"Pork Belly Buns"
"Hokkien Noodles";"Heaney Inc";"Pork Belly Buns"
Kombu;"Heaney Inc";"Pork Belly Buns"
Rockmelon;"Heaney Inc";"Pork Belly Buns"
"Rye Bread";"Heaney Inc";"Pork Belly Buns"
"Sunflower Seeds";"Heaney Inc";"Pork Belly Buns"
Tahini;"Heaney Inc";"Pork Belly Buns"
"Tapioca Flour";"Heaney Inc";"Pork Belly Buns"
Camomile;"Hegmann Inc";Cheeseburger
Lychees;"Hegmann Inc";Cheeseburger
"Hokkien Noodles";"Hegmann Inc";"Pork Belly Buns"
"Sunflower Seeds";"Hegmann Inc";"Pork Belly Buns"
"Cottage Cheese";"Hegmann Inc";Tiramisù
Mahlab;"Hegmann Inc";Tiramisù
Camomile;"Hegmann Inc";"Fish and Chips"
"Smoked Trout";"Hegmann Inc";"Fish and Chips"
"Vegetable Oil";"Hegmann Inc";"Fish and Chips"
"Black Eyed Beans";"Hegmann Inc";"Katsu Curry"
"Hokkien Noodles";"Hegmann Inc";"Katsu Curry"
Cinnamon;Heidenreich-Hagenes;"Pasta with Tomato and Basil"
Parsnip;Heidenreich-Hagenes;"Pasta with Tomato and Basil"
Soymilk;Heidenreich-Hagenes;"Pasta with Tomato and Basil"
Tarragon;Heidenreich-Hagenes;"Pasta with Tomato and Basil"
"Canola Oil";Heidenreich-Hagenes;"Peking Duck"
Tarragon;Heidenreich-Hagenes;"Peking Duck"
Beef;Heidenreich-Hagenes;"Philadelphia Maki"
Camomile;Heidenreich-Hagenes;Cheeseburger
"Flaxseed Oil";Heidenreich-Hagenes;Cheeseburger
Lychees;Heidenreich-Hagenes;Cheeseburger
Mastic;Heidenreich-Hagenes;Cheeseburger
"Canola Oil";Heidenreich-Hagenes;"Risotto with Seafood"
"Corn Oil";Heidenreich-Hagenes;"Risotto with Seafood"
Parsnip;Heidenreich-Hagenes;"Risotto with Seafood"
"Pear Juice";Heidenreich-Hagenes;"Risotto with Seafood"
Tamarillo;"Herman, Considine and Senger";"Philadelphia Maki"
Turnips;"Herman, Considine and Senger";"Philadelphia Maki"
"Flat Mushrooms";"Herman, Considine and Senger";Poke
Soymilk;"Herman, Considine and Senger";Poke
Kombu;"Herman, Considine and Senger";"Pasta Carbonara"
Mahlab;"Herman, Considine and Senger";"Pasta Carbonara"
Soymilk;"Herman, Considine and Senger";"Pasta Carbonara"
Tamarillo;"Herman, Considine and Senger";"Pasta Carbonara"
"English Spinach";"Herman, Considine and Senger";"Barbecue Ribs"
"Rice Flour";"Herman, Considine and Senger";"Ebiten maki"
Soymilk;"Herman, Considine and Senger";"Ebiten maki"
Bacon;"Hintz Group";Pierogi
"Cottage Cheese";"Hintz Group";Pierogi
"Flaxseed Oil";"Hintz Group";Pierogi
Rockmelon;"Hintz Group";Pierogi
Silverbeet;"Hintz Group";Pierogi
Tahini;"Hintz Group";Pierogi
Tamarillo;"Hintz Group";Pierogi
Turnips;"Hintz Group";Pierogi
Achacha;"Hintz Group";Tiramisù
"Cottage Cheese";"Hintz Group";Tiramisù
Mahlab;"Hintz Group";Tiramisù
Salmon;"Hintz Group";Tiramisù
"Sunflower Oil";"Hintz Group";Tiramisù
Bacon;"Hintz Group";"Ricotta Stuffed Ravioli"
Cornmeal;"Hintz Group";"Ricotta Stuffed Ravioli"
Ham;"Hintz Group";"Ricotta Stuffed Ravioli"
"Jasmine Rice";"Hintz Group";"Ricotta Stuffed Ravioli"
Loquats;"Hintz Group";"Ricotta Stuffed Ravioli"
"Pecan Nut";"Hintz Group";"Ricotta Stuffed Ravioli"
"Sunflower Oil";"Hintz Group";"Ricotta Stuffed Ravioli"
Achacha;"Hodkiewicz, Luettgen and Stoltenberg";"French Fries with Sausages"
"Baking Powder";"Hodkiewicz, Luettgen and Stoltenberg";"French Fries with Sausages"
Oatmeal;"Hodkiewicz, Luettgen and Stoltenberg";"French Fries with Sausages"
Parsnip;"Hodkiewicz, Luettgen and Stoltenberg";"French Fries with Sausages"
Peas;"Hodkiewicz, Luettgen and Stoltenberg";"French Fries with Sausages"
Redfish;"Hodkiewicz, Luettgen and Stoltenberg";"French Fries with Sausages"
"Rice Noodles";"Hodkiewicz, Luettgen and Stoltenberg";"French Fries with Sausages"
"Baking Powder";"Hodkiewicz, Luettgen and Stoltenberg";"Vegetable Soup"
Beef;"Hodkiewicz, Luettgen and Stoltenberg";"Vegetable Soup"
Berries;"Hodkiewicz, Luettgen and Stoltenberg";"Vegetable Soup"
"Black Eyed Beans";"Hodkiewicz, Luettgen and Stoltenberg";"Vegetable Soup"
Feta;"Hodkiewicz, Luettgen and Stoltenberg";"Vegetable Soup"
Tahini;"Hodkiewicz, Luettgen and Stoltenberg";"Vegetable Soup"
Camomile;"Hodkiewicz, Luettgen and Stoltenberg";"Fish and Chips"
Loquats;"Hodkiewicz, Luettgen and Stoltenberg";"Fish and Chips"
"Rose Water";"Hodkiewicz, Luettgen and Stoltenberg";"Fish and Chips"
Saffron;"Hodkiewicz, Luettgen and Stoltenberg";"Fish and Chips"
"Smoked Trout";"Hodkiewicz, Luettgen and Stoltenberg";"Fish and Chips"
"Soy Beans";"Hodkiewicz, Luettgen and Stoltenberg";"Fish and Chips"
"Tapioca Flour";"Hodkiewicz, Luettgen and Stoltenberg";"Fish and Chips"
"Vegetable Oil";"Hodkiewicz, Luettgen and Stoltenberg";"Fish and Chips"
Cardamom;"Hodkiewicz, Luettgen and Stoltenberg";"California Maki"
"Chia Seeds";"Hodkiewicz, Luettgen and Stoltenberg";"California Maki"
"Cream Cheese";"Hodkiewicz, Luettgen and Stoltenberg";"California Maki"
"Green Tea Noodles";"Hodkiewicz, Luettgen and Stoltenberg";"California Maki"
Lychees;"Hodkiewicz, Luettgen and Stoltenberg";"California Maki"
Provolone;"Hodkiewicz, Luettgen and Stoltenberg";"California Maki"
Silverbeet;"Hodkiewicz, Luettgen and Stoltenberg";"California Maki"
Tamarillo;"Hodkiewicz, Luettgen and Stoltenberg";"California Maki"
Cauliflower;"Hodkiewicz, Luettgen and Stoltenberg";"Ebiten maki"
Cornmeal;"Hodkiewicz, Luettgen and Stoltenberg";"Ebiten maki"
"Rice Flour";"Hodkiewicz, Luettgen and Stoltenberg";"Ebiten maki"
"Rose Water";"Hodkiewicz, Luettgen and Stoltenberg";"Ebiten maki"
Soymilk;"Hodkiewicz, Luettgen and Stoltenberg";"Ebiten maki"
Kidneys;"Hyatt Inc";Sushi
Tarragon;"Hyatt Inc";Sushi
Tinned;"Hyatt Inc";Sushi
"Rye Bread";"Hyatt Inc";"Pork Belly Buns"
"Sunflower Seeds";"Hyatt Inc";"Pork Belly Buns"
"Rose Water";"Hyatt Inc";"Fish and Chips"
Apples;"Hyatt Inc";"Tuna Sashimi"
Cacao;"Hyatt Inc";"Tuna Sashimi"
"Cream Cheese";"Hyatt Inc";"Tuna Sashimi"
"Baking Powder";"Johnson, Watsica and Koch";"French Toast"
Rockmelon;"Johnson, Watsica and Koch";"French Toast"
Butter;"Johnson, Watsica and Koch";"Salmon Nigiri"
"Green Tea Noodles";"Johnson, Watsica and Koch";"Salmon Nigiri"
Tahini;"Johnson, Watsica and Koch";"Salmon Nigiri"
"Flat Mushrooms";"Johnson, Watsica and Koch";"Chicken Fajitas"
"Nutritional Yeast";"Johnson, Watsica and Koch";"Chicken Fajitas"
Peas;"Johnson, Watsica and Koch";"Chicken Fajitas"
Tahini;"Johnson, Watsica and Koch";"Risotto with Seafood"
"Vegetable Stock";"Johnson, Watsica and Koch";"Risotto with Seafood"
"Baking Powder";"Kassulke, Rath and Upton";"Vegetable Soup"
Beef;"Kassulke, Rath and Upton";"Vegetable Soup"
Berries;"Kassulke, Rath and Upton";"Vegetable Soup"
"Black Eyed Beans";"Kassulke, Rath and Upton";"Vegetable Soup"
Feta;"Kassulke, Rath and Upton";"Vegetable Soup"
Tahini;"Kassulke, Rath and Upton";"Vegetable Soup"
Bacon;"Kassulke, Rath and Upton";Pierogi
"Cottage Cheese";"Kassulke, Rath and Upton";Pierogi
"Flaxseed Oil";"Kassulke, Rath and Upton";Pierogi
Rockmelon;"Kassulke, Rath and Upton";Pierogi
Silverbeet;"Kassulke, Rath and Upton";Pierogi
Tahini;"Kassulke, Rath and Upton";Pierogi
Tamarillo;"Kassulke, Rath and Upton";Pierogi
Turnips;"Kassulke, Rath and Upton";Pierogi
"Flat Mushrooms";"Kassulke, Rath and Upton";Poke
Nuts;"Kassulke, Rath and Upton";Poke
Peas;"Kassulke, Rath and Upton";Poke
Soymilk;"Kassulke, Rath and Upton";Poke
Spinach;"Kassulke, Rath and Upton";Poke
Apples;"Kassulke, Rath and Upton";"Tuna Sashimi"
Butter;"Kassulke, Rath and Upton";"Tuna Sashimi"
Cacao;"Kassulke, Rath and Upton";"Tuna Sashimi"
"Corn Oil";"Kassulke, Rath and Upton";"Tuna Sashimi"
"Cream Cheese";"Kassulke, Rath and Upton";"Tuna Sashimi"
Oatmeal;"Kassulke, Rath and Upton";"Tuna Sashimi"
"Smoked Trout";"Kassulke, Rath and Upton";"Tuna Sashimi"
"Soy Beans";"Kassulke, Rath and Upton";"Tuna Sashimi"
"Chia Seeds";Kerluke-Armstrong;Arepas
"Extra Virgin Olive Oil";Kerluke-Armstrong;Arepas
"Tapioca Flour";Kerluke-Armstrong;Arepas
"Vegetable Stock";Kerluke-Armstrong;Tacos
Apricots;Kerluke-Armstrong;Pho
Rockmelon;Kerluke-Armstrong;Pho
Berries;"Kiehn Group";Souvlaki
Camomile;"Kiehn Group";Souvlaki
Cinnamon;"Kiehn Group";Souvlaki
Redfish;"Kiehn Group";Souvlaki
"Rose Water";"Kiehn Group";Souvlaki
"Vegetable Oil";"Kiehn Group";Souvlaki
"Corn Oil";"Kiehn Group";"Stinky Tofu"
Ham;"Kiehn Group";"Stinky Tofu"
Kidneys;"Kiehn Group";"Stinky Tofu"
"Nutritional Yeast";"Kiehn Group";"Stinky Tofu"
Parsnip;"Kiehn Group";"Stinky Tofu"
Peas;"Kiehn Group";"Stinky Tofu"
"Rose Water";"Kiehn Group";"Stinky Tofu"
Shark;"Kiehn Group";"Stinky Tofu"
Bacon;"Kiehn Group";Pierogi
"Cottage Cheese";"Kiehn Group";Pierogi
"Flaxseed Oil";"Kiehn Group";Pierogi
Rockmelon;"Kiehn Group";Pierogi
Silverbeet;"Kiehn Group";Pierogi
Tahini;"Kiehn Group";Pierogi
Tamarillo;"Kiehn Group";Pierogi
Turnips;"Kiehn Group";Pierogi
Bacon;"Kiehn Group";"Ricotta Stuffed Ravioli"
Cornmeal;"Kiehn Group";"Ricotta Stuffed Ravioli"
Ham;"Kiehn Group";"Ricotta Stuffed Ravioli"
"Jasmine Rice";"Kiehn Group";"Ricotta Stuffed Ravioli"
Loquats;"Kiehn Group";"Ricotta Stuffed Ravioli"
"Pecan Nut";"Kiehn Group";"Ricotta Stuffed Ravioli"
"Sunflower Oil";"Kiehn Group";"Ricotta Stuffed Ravioli"
Achacha;"Kiehn Group";Pizza
Berries;"Kiehn Group";Pizza
"Canola Oil";"Kiehn Group";Pizza
Cornmeal;"Kiehn Group";Pizza
"Cream Cheese";"Kiehn Group";Pizza
Mahlab;"Kiehn Group";Pizza
"Smoked Trout";"Kiehn Group";Pizza
"Soy Beans";"Kiehn Group";Pizza
Camomile;"Kling, Luettgen and Jast";Cheeseburger
"Flaxseed Oil";"Kling, Luettgen and Jast";Cheeseburger
Lychees;"Kling, Luettgen and Jast";Cheeseburger
Mastic;"Kling, Luettgen and Jast";Cheeseburger
Strawberries;"Kling, Luettgen and Jast";Cheeseburger
"Coriander Leaves";"Kling, Luettgen and Jast";"Barbecue Ribs"
Elderberry;"Kling, Luettgen and Jast";"Barbecue Ribs"
"English Spinach";"Kling, Luettgen and Jast";"Barbecue Ribs"
Oatmeal;"Kling, Luettgen and Jast";"Barbecue Ribs"
Tinned;"Kling, Luettgen and Jast";"Barbecue Ribs"
"Apple Cider Vinegar";"Kling, Luettgen and Jast";"Pappardelle alla Bolognese"
Loquats;"Kling, Luettgen and Jast";"Pappardelle alla Bolognese"
Pork;"Kling, Luettgen and Jast";"Pappardelle alla Bolognese"
Provolone;"Kling, Luettgen and Jast";"Pappardelle alla Bolognese"
Tarragon;"Kling, Luettgen and Jast";"Pappardelle alla Bolognese"
"Baking Powder";"Kling, Luettgen and Jast";"Chilli con Carne"
"Bean Sprouts";"Kling, Luettgen and Jast";"Chilli con Carne"
"Cream Cheese";"Kling, Luettgen and Jast";"Chilli con Carne"
"Pear Juice";"Kling, Luettgen and Jast";"Chilli con Carne"
"William Pear";"Kling, Luettgen and Jast";"Chilli con Carne"
Achacha;"Koelpin, Hoppe and Corwin";"French Toast"
"Baking Powder";"Koelpin, Hoppe and Corwin";"French Toast"
"Black Eyed Beans";"Koelpin, Hoppe and Corwin";"French Toast"
Rockmelon;"Koelpin, Hoppe and Corwin";"French Toast"
"Tapioca Flour";"Koelpin, Hoppe and Corwin";"French Toast"
Camomile;"Koelpin, Hoppe and Corwin";Cheeseburger
"Flaxseed Oil";"Koelpin, Hoppe and Corwin";Cheeseburger
Lychees;"Koelpin, Hoppe and Corwin";Cheeseburger
Mastic;"Koelpin, Hoppe and Corwin";Cheeseburger
Strawberries;"Koelpin, Hoppe and Corwin";Cheeseburger
Fingerlime;"Koelpin, Hoppe and Corwin";"Meatballs with Sauce"
"Flaxseed Oil";"Koelpin, Hoppe and Corwin";"Meatballs with Sauce"
"Rye Bread";"Koelpin, Hoppe and Corwin";"Meatballs with Sauce"
"Sunflower Oil";"Koelpin, Hoppe and Corwin";"Meatballs with Sauce"
Tamarillo;"Koelpin, Hoppe and Corwin";"Meatballs with Sauce"
Achacha;"Koelpin, Hoppe and Corwin";"Katsu Curry"
"Black Eyed Beans";"Koelpin, Hoppe and Corwin";"Katsu Curry"
Cardamom;"Koelpin, Hoppe and Corwin";"Katsu Curry"
"Hokkien Noodles";"Koelpin, Hoppe and Corwin";"Katsu Curry"
Strawberries;"Koelpin, Hoppe and Corwin";"Katsu Curry"
Warehou;"Koelpin, Hoppe and Corwin";"Katsu Curry"
"William Pear";"Koelpin, Hoppe and Corwin";"Katsu Curry"
Achacha;"Koelpin, Hoppe and Corwin";"Som Tam"
Bonza;"Koelpin, Hoppe and Corwin";"Som Tam"
"Corn Oil";"Koelpin, Hoppe and Corwin";"Som Tam"
"Cottage Cheese";"Koelpin, Hoppe and Corwin";"Som Tam"
"Dried Apricots";"Koelpin, Hoppe and Corwin";"Som Tam"
"Omega Spread";"Koelpin, Hoppe and Corwin";"Som Tam"
Pork;"Koelpin, Hoppe and Corwin";"Som Tam"
Tinned;"Koelpin, Hoppe and Corwin";"Som Tam"
Tamarillo;Koelpin-Feeney;"Philadelphia Maki"
Ham;Koelpin-Feeney;"Chicken Parm"
"Omega Spread";Koelpin-Feeney;"Chicken Parm"
Redfish;Koelpin-Feeney;"Chicken Parm"
"Rose Water";Koelpin-Feeney;"Chicken Parm"
Warehou;Koelpin-Feeney;"Chicken Parm"
"Extra Virgin Olive Oil";Koelpin-Feeney;Lasagne
Silverbeet;Koelpin-Feeney;Lasagne
Achacha;Kuhn-Dach;"Cauliflower Penne"
Camomile;Kuhn-Dach;"Cauliflower Penne"
Nuts;Kuhn-Dach;"Cauliflower Penne"
"Pecan Nut";Kuhn-Dach;"Cauliflower Penne"
Plums;Kuhn-Dach;"Cauliflower Penne"
"Sunflower Seeds";Kuhn-Dach;"Cauliflower Penne"
Tarragon;Kuhn-Dach;"Cauliflower Penne"
"Vegetable Oil";Kuhn-Dach;"Cauliflower Penne"
Apples;Kuhn-Dach;"Scotch Eggs"
"Baking Powder";Kuhn-Dach;"Scotch Eggs"
"Extra Virgin Olive Oil";Kuhn-Dach;"Scotch Eggs"
"Flaxseed Oil";Kuhn-Dach;"Scotch Eggs"
Peas;Kuhn-Dach;"Scotch Eggs"
"Rye Bread";Kuhn-Dach;"Scotch Eggs"
Soymilk;Kuhn-Dach;"Scotch Eggs"
"William Pear";Kuhn-Dach;"Scotch Eggs"
"Bean Sprouts";Kuhn-Dach;Lasagne
"Extra Virgin Olive Oil";Kuhn-Dach;Lasagne
Oatmeal;Kuhn-Dach;Lasagne
Provolone;Kuhn-Dach;Lasagne
Silverbeet;Kuhn-Dach;Lasagne
"Soy Beans";Kuhn-Dach;Lasagne
Achacha;Kuhn-Dach;"Som Tam"
Bonza;Kuhn-Dach;"Som Tam"
"Corn Oil";Kuhn-Dach;"Som Tam"
"Cottage Cheese";Kuhn-Dach;"Som Tam"
"Dried Apricots";Kuhn-Dach;"Som Tam"
"Omega Spread";Kuhn-Dach;"Som Tam"
Pork;Kuhn-Dach;"Som Tam"
Tinned;Kuhn-Dach;"Som Tam"
"Coriander Leaves";Kuhn-Dach;"Barbecue Ribs"
Elderberry;Kuhn-Dach;"Barbecue Ribs"
"English Spinach";Kuhn-Dach;"Barbecue Ribs"
Oatmeal;Kuhn-Dach;"Barbecue Ribs"
Tinned;Kuhn-Dach;"Barbecue Ribs"
Nuts;"Kulas LLC";"Cauliflower Penne"
"Pecan Nut";"Kulas LLC";"Cauliflower Penne"
"Sunflower Seeds";"Kulas LLC";"Cauliflower Penne"
"Baking Powder";"Kulas LLC";"Scotch Eggs"
"Extra Virgin Olive Oil";"Kulas LLC";"Scotch Eggs"
Peas;"Kulas LLC";"Scotch Eggs"
"Rye Bread";"Kulas LLC";"Scotch Eggs"
Soymilk;"Kulas LLC";"Scotch Eggs"
"William Pear";"Kulas LLC";"Scotch Eggs"
Nuts;"Kulas LLC";"Pasta and Beans"
Redfish;"Kulas LLC";"Pasta and Beans"
Rockmelon;"Kulas LLC";"Pasta and Beans"
"Rye Bread";"Kulas LLC";"Pasta and Beans"
"Chia Seeds";"Kulas LLC";"California Maki"
"Cream Cheese";"Kulas LLC";"California Maki"
"Green Tea Noodles";"Kulas LLC";"California Maki"
Provolone;"Kulas LLC";"California Maki"
Tamarillo;"Kulas LLC";"California Maki"
Soymilk;"Kunze Inc";"Pasta Carbonara"
"Cream Cheese";"Kunze Inc";"California Maki"
Silverbeet;"Kunze Inc";"California Maki"
"Extra Virgin Olive Oil";"Kunze Inc";Lasagne
Oatmeal;"Kunze Inc";Lasagne
Silverbeet;"Kunze Inc";Lasagne
"Black Eyed Beans";"Kunze Inc";"Bruschette with Tomato"
"Nutritional Yeast";"Kunze Inc";"Bruschette with Tomato"
"Rice Noodles";"Kunze Inc";"Bruschette with Tomato"
"Taleggio Cheese";"Kunze Inc";"Bruschette with Tomato"
"William Pear";"Kunze Inc";"Bruschette with Tomato"
Beef;"Kutch, Ryan and Boyer";"Philadelphia Maki"
Elderberry;"Kutch, Ryan and Boyer";"Philadelphia Maki"
Elderberry;"Kutch, Ryan and Boyer";Poutine
Loquats;"Kutch, Ryan and Boyer";Poutine
"Black Eyed Beans";Labadie-Runolfsson;Kebab
"Curry Powder";Labadie-Runolfsson;Kebab
Feta;Labadie-Runolfsson;Kebab
"Jasmine Rice";Labadie-Runolfsson;Kebab
Soymilk;Labadie-Runolfsson;Kebab
"Vegetable Oil";Labadie-Runolfsson;Kebab
Beef;Labadie-Runolfsson;"Bruschette with Tomato"
"Black Eyed Beans";Labadie-Runolfsson;"Bruschette with Tomato"
"Chia Seeds";Labadie-Runolfsson;"Bruschette with Tomato"
"Nutritional Yeast";Labadie-Runolfsson;"Bruschette with Tomato"
"Rice Noodles";Labadie-Runolfsson;"Bruschette with Tomato"
"Taleggio Cheese";Labadie-Runolfsson;"Bruschette with Tomato"
Turnips;Labadie-Runolfsson;"Bruschette with Tomato"
"William Pear";Labadie-Runolfsson;"Bruschette with Tomato"
Achacha;Labadie-Runolfsson;Poutine
"Chia Seeds";Labadie-Runolfsson;Poutine
"Cream Cheese";Labadie-Runolfsson;Poutine
"Dried Apricots";Labadie-Runolfsson;Poutine
Elderberry;Labadie-Runolfsson;Poutine
Loquats;Labadie-Runolfsson;Poutine
"Corn Oil";Labadie-Runolfsson;"Stinky Tofu"
Ham;Labadie-Runolfsson;"Stinky Tofu"
Kidneys;Labadie-Runolfsson;"Stinky Tofu"
"Nutritional Yeast";Labadie-Runolfsson;"Stinky Tofu"
Parsnip;Labadie-Runolfsson;"Stinky Tofu"
Peas;Labadie-Runolfsson;"Stinky Tofu"
"Rose Water";Labadie-Runolfsson;"Stinky Tofu"
Shark;Labadie-Runolfsson;"Stinky Tofu"
Achacha;Langosh-Franecki;Tiramisù
"Cottage Cheese";Langosh-Franecki;Tiramisù
Mahlab;Langosh-Franecki;Tiramisù
Salmon;Langosh-Franecki;Tiramisù
"Sunflower Oil";Langosh-Franecki;Tiramisù
Achacha;Langosh-Franecki;"Katsu Curry"
"Black Eyed Beans";Langosh-Franecki;"Katsu Curry"
Cardamom;Langosh-Franecki;"Katsu Curry"
"Hokkien Noodles";Langosh-Franecki;"Katsu Curry"
Strawberries;Langosh-Franecki;"Katsu Curry"
Warehou;Langosh-Franecki;"Katsu Curry"
"William Pear";Langosh-Franecki;"Katsu Curry"
"Bean Sprouts";Langosh-Franecki;Lasagne
"Extra Virgin Olive Oil";Langosh-Franecki;Lasagne
Oatmeal;Langosh-Franecki;Lasagne
Provolone;Langosh-Franecki;Lasagne
Silverbeet;Langosh-Franecki;Lasagne
"Soy Beans";Langosh-Franecki;Lasagne
Apricots;Langosh-Franecki;"Chicken Milanese"
Berries;Langosh-Franecki;"Chicken Milanese"
Cardamom;Langosh-Franecki;"Chicken Milanese"
Freekeh;Langosh-Franecki;"Chicken Milanese"
Lychees;Langosh-Franecki;"Chicken Milanese"
Feta;"Leannon, Cassin and Trantow";Kebab
Bacon;"Leannon, Cassin and Trantow";Pierogi
"Cottage Cheese";"Leannon, Cassin and Trantow";Pierogi
Rockmelon;"Leannon, Cassin and Trantow";Pierogi
Turnips;"Leannon, Cassin and Trantow";Pierogi
"Cottage Cheese";"Leannon, Cassin and Trantow";Tiramisù
"Sunflower Oil";"Leannon, Cassin and Trantow";Tiramisù
Turnips;"Leannon, Cassin and Trantow";"Philadelphia Maki"
"Baking Powder";"Ledner LLC";"Vegetable Soup"
Beef;"Ledner LLC";"Vegetable Soup"
Berries;"Ledner LLC";"Vegetable Soup"
"Black Eyed Beans";"Ledner LLC";"Vegetable Soup"
Feta;"Ledner LLC";"Vegetable Soup"
Tahini;"Ledner LLC";"Vegetable Soup"
Chives;"Ledner LLC";"Linguine with Clams"
Elderberry;"Ledner LLC";"Linguine with Clams"
Kidneys;"Ledner LLC";"Linguine with Clams"
Kombu;"Ledner LLC";"Linguine with Clams"
Saffron;"Ledner LLC";"Linguine with Clams"
"Vegetable Stock";"Ledner LLC";"Linguine with Clams"
"Bean Sprouts";"Ledner LLC";Lasagne
"Extra Virgin Olive Oil";"Ledner LLC";Lasagne
Oatmeal;"Ledner LLC";Lasagne
Provolone;"Ledner LLC";Lasagne
Silverbeet;"Ledner LLC";Lasagne
"Soy Beans";"Ledner LLC";Lasagne
Fingerlime;"Ledner LLC";"Meatballs with Sauce"
"Flaxseed Oil";"Ledner LLC";"Meatballs with Sauce"
"Rye Bread";"Ledner LLC";"Meatballs with Sauce"
"Sunflower Oil";"Ledner LLC";"Meatballs with Sauce"
Tamarillo;"Ledner LLC";"Meatballs with Sauce"
"Baking Powder";"Ledner LLC";"Chilli con Carne"
"Bean Sprouts";"Ledner LLC";"Chilli con Carne"
"Cream Cheese";"Ledner LLC";"Chilli con Carne"
"Pear Juice";"Ledner LLC";"Chilli con Carne"
"William Pear";"Ledner LLC";"Chilli con Carne"
Cauliflower;Leffler-Aufderhar;"Fettuccine Alfredo"
Chives;Leffler-Aufderhar;"Fettuccine Alfredo"
"Corn Oil";Leffler-Aufderhar;"Fettuccine Alfredo"
"Pecan Nut";Leffler-Aufderhar;"Fettuccine Alfredo"
Soymilk;Leffler-Aufderhar;"Fettuccine Alfredo"
"Vegetable Oil";Leffler-Aufderhar;"Fettuccine Alfredo"
Fingerlime;Leffler-Aufderhar;"Meatballs with Sauce"
"Flaxseed Oil";Leffler-Aufderhar;"Meatballs with Sauce"
"Rye Bread";Leffler-Aufderhar;"Meatballs with Sauce"
"Sunflower Oil";Leffler-Aufderhar;"Meatballs with Sauce"
Tamarillo;Leffler-Aufderhar;"Meatballs with Sauce"
"Black Eyed Beans";Leffler-Aufderhar;"Risotto with Seafood"
"Canola Oil";Leffler-Aufderhar;"Risotto with Seafood"
"Corn Oil";Leffler-Aufderhar;"Risotto with Seafood"
Parsnip;Leffler-Aufderhar;"Risotto with Seafood"
"Pear Juice";Leffler-Aufderhar;"Risotto with Seafood"
"Sunflower Oil";Leffler-Aufderhar;"Risotto with Seafood"
Tahini;Leffler-Aufderhar;"Risotto with Seafood"
"Vegetable Stock";Leffler-Aufderhar;"Risotto with Seafood"
Achacha;Leffler-Aufderhar;Tacos
Butter;Leffler-Aufderhar;Tacos
"Corn Oil";Leffler-Aufderhar;Tacos
"Taleggio Cheese";Leffler-Aufderhar;Tacos
"Vegetable Stock";Leffler-Aufderhar;Tacos
"Baking Powder";Leffler-Huel;"Mushroom Risotto"
"Pecan Nut";Leffler-Huel;"Mushroom Risotto"
"Vegetable Stock";Leffler-Huel;"Mushroom Risotto"
Parsnip;Leffler-Huel;"Teriyaki Chicken Donburi"
Spinach;Leffler-Huel;"Teriyaki Chicken Donburi"
Strawberries;Leffler-Huel;"Teriyaki Chicken Donburi"
"Vegetable Stock";Leffler-Huel;"Linguine with Clams"
Apricots;"Lindgren, Willms and MacGyver";Pho
Kombu;"Lindgren, Willms and MacGyver";Pho
"Pecan Nut";"Lindgren, Willms and MacGyver";Pho
Rockmelon;"Lindgren, Willms and MacGyver";Pho
Tinned;"Lindgren, Willms and MacGyver";Pho
Achacha;"Lindgren, Willms and MacGyver";"Bunny Chow"
"Bean Sprouts";"Lindgren, Willms and MacGyver";"Bunny Chow"
Mahlab;"Lindgren, Willms and MacGyver";"Bunny Chow"
Shark;"Lindgren, Willms and MacGyver";"Bunny Chow"
Achacha;"Lindgren, Willms and MacGyver";Tacos
Butter;"Lindgren, Willms and MacGyver";Tacos
"Taleggio Cheese";"Lindgren, Willms and MacGyver";Tacos
"Nutritional Yeast";Lockman-Wintheiser;"Caprese Salad"
Bonza;Lockman-Wintheiser;"Som Tam"
"Corn Oil";Lockman-Wintheiser;"Som Tam"
"Cottage Cheese";Lockman-Wintheiser;"Som Tam"
Cardamom;Lowe-McCullough;"California Maki"
"Chia Seeds";Lowe-McCullough;"California Maki"
"Cream Cheese";Lowe-McCullough;"California Maki"
"Green Tea Noodles";Lowe-McCullough;"California Maki"
Lychees;Lowe-McCullough;"California Maki"
Provolone;Lowe-McCullough;"California Maki"
Silverbeet;Lowe-McCullough;"California Maki"
Tamarillo;Lowe-McCullough;"California Maki"
"Baking Powder";Lowe-McCullough;"Seafood Paella"
Bonza;Lowe-McCullough;"Seafood Paella"
Butter;Lowe-McCullough;"Seafood Paella"
"Cream Cheese";Lowe-McCullough;"Seafood Paella"
Peas;Lowe-McCullough;"Seafood Paella"
Strawberries;Lowe-McCullough;"Seafood Paella"
Achacha;Lowe-McCullough;Pizza
Berries;Lowe-McCullough;Pizza
"Canola Oil";Lowe-McCullough;Pizza
Cornmeal;Lowe-McCullough;Pizza
"Cream Cheese";Lowe-McCullough;Pizza
Mahlab;Lowe-McCullough;Pizza
"Smoked Trout";Lowe-McCullough;Pizza
"Soy Beans";Lowe-McCullough;Pizza
Cauliflower;"Lubowitz, Prohaska and Reilly";"Ebiten maki"
Cornmeal;"Lubowitz, Prohaska and Reilly";"Ebiten maki"
"Rose Water";"Lubowitz, Prohaska and Reilly";"Ebiten maki"
Tahini;"Lubowitz, Prohaska and Reilly";"Salmon Nigiri"
"Cream Cheese";"Lubowitz, Prohaska and Reilly";"California Maki"
Lychees;"Lubowitz, Prohaska and Reilly";"California Maki"
Provolone;"Lubowitz, Prohaska and Reilly";"California Maki"
Silverbeet;"Lubowitz, Prohaska and Reilly";"California Maki"
"Baking Powder";"Lubowitz, Prohaska and Reilly";"Seafood Paella"
"Cream Cheese";"Lubowitz, Prohaska and Reilly";"Seafood Paella"
Strawberries;"Lubowitz, Prohaska and Reilly";"Seafood Paella"
"Apple Cider Vinegar";"Lubowitz, Prohaska and Reilly";"Pappardelle alla Bolognese"
Loquats;"Lubowitz, Prohaska and Reilly";"Pappardelle alla Bolognese"
Provolone;"Lubowitz, Prohaska and Reilly";"Pappardelle alla Bolognese"
"Jasmine Rice";"McCullough, Leannon and Nolan";"Ricotta Stuffed Ravioli"
"Pecan Nut";"McCullough, Leannon and Nolan";"Ricotta Stuffed Ravioli"
"Canola Oil";"McCullough, Leannon and Nolan";"Peking Duck"
Fingerlime;"McCullough, Leannon and Nolan";"Peking Duck"
Tahini;"McCullough, Leannon and Nolan";"Peking Duck"
Bonza;"McCullough, Leannon and Nolan";"Som Tam"
"Dried Apricots";"McCullough, Leannon and Nolan";"Som Tam"
"Omega Spread";"McCullough, Leannon and Nolan";"Som Tam"
"Chia Seeds";"Medhurst, Streich and Schamberger";Arepas
Cornmeal;"Medhurst, Streich and Schamberger";Arepas
"Iceberg Lettuce";"Medhurst, Streich and Schamberger";Arepas
Provolone;"Medhurst, Streich and Schamberger";Arepas
"Tapioca Flour";"Medhurst, Streich and Schamberger";Arepas
Achacha;"Medhurst, Streich and Schamberger";Tiramisù
"Cottage Cheese";"Medhurst, Streich and Schamberger";Tiramisù
Salmon;"Medhurst, Streich and Schamberger";Tiramisù
"Sunflower Oil";"Medhurst, Streich and Schamberger";Tiramisù
Cornmeal;"Medhurst, Streich and Schamberger";"Ebiten maki"
"Rice Flour";"Medhurst, Streich and Schamberger";"Ebiten maki"
Soymilk;"Medhurst, Streich and Schamberger";"Ebiten maki"
Chives;"Medhurst, Streich and Schamberger";"Fettuccine Alfredo"
Soymilk;"Medhurst, Streich and Schamberger";"Fettuccine Alfredo"
"Vegetable Oil";"Medhurst, Streich and Schamberger";"Fettuccine Alfredo"
"Black Eyed Beans";Medhurst-Trantow;Kebab
"Curry Powder";Medhurst-Trantow;Kebab
Feta;Medhurst-Trantow;Kebab
"Jasmine Rice";Medhurst-Trantow;Kebab
Soymilk;Medhurst-Trantow;Kebab
"Vegetable Oil";Medhurst-Trantow;Kebab
Berries;Medhurst-Trantow;Souvlaki
Camomile;Medhurst-Trantow;Souvlaki
Cinnamon;Medhurst-Trantow;Souvlaki
Redfish;Medhurst-Trantow;Souvlaki
"Rose Water";Medhurst-Trantow;Souvlaki
"Vegetable Oil";Medhurst-Trantow;Souvlaki
Beef;Medhurst-Trantow;"Philadelphia Maki"
Bonza;Medhurst-Trantow;"Philadelphia Maki"
Elderberry;Medhurst-Trantow;"Philadelphia Maki"
Tamarillo;Medhurst-Trantow;"Philadelphia Maki"
Turnips;Medhurst-Trantow;"Philadelphia Maki"
Achacha;Medhurst-Trantow;Tiramisù
"Cottage Cheese";Medhurst-Trantow;Tiramisù
Mahlab;Medhurst-Trantow;Tiramisù
Salmon;Medhurst-Trantow;Tiramisù
"Sunflower Oil";Medhurst-Trantow;Tiramisù
Achacha;Medhurst-Trantow;"French Fries with Sausages"
"Baking Powder";Medhurst-Trantow;"French Fries with Sausages"
Oatmeal;Medhurst-Trantow;"French Fries with Sausages"
Parsnip;Medhurst-Trantow;"French Fries with Sausages"
Peas;Medhurst-Trantow;"French Fries with Sausages"
Redfish;Medhurst-Trantow;"French Fries with Sausages"
"Rice Noodles";Medhurst-Trantow;"French Fries with Sausages"
Fingerlime;"Mohr, Cartwright and Hoppe";"Meatballs with Sauce"
"Flaxseed Oil";"Mohr, Cartwright and Hoppe";"Meatballs with Sauce"
"Rye Bread";"Mohr, Cartwright and Hoppe";"Meatballs with Sauce"
"Sunflower Oil";"Mohr, Cartwright and Hoppe";"Meatballs with Sauce"
Tamarillo;"Mohr, Cartwright and Hoppe";"Meatballs with Sauce"
Achacha;"Mohr, Cartwright and Hoppe";Pizza
Berries;"Mohr, Cartwright and Hoppe";Pizza
"Canola Oil";"Mohr, Cartwright and Hoppe";Pizza
Cornmeal;"Mohr, Cartwright and Hoppe";Pizza
"Cream Cheese";"Mohr, Cartwright and Hoppe";Pizza
Mahlab;"Mohr, Cartwright and Hoppe";Pizza
"Smoked Trout";"Mohr, Cartwright and Hoppe";Pizza
"Soy Beans";"Mohr, Cartwright and Hoppe";Pizza
"Black Eyed Beans";"Mohr, Cartwright and Hoppe";Kebab
"Curry Powder";"Mohr, Cartwright and Hoppe";Kebab
Feta;"Mohr, Cartwright and Hoppe";Kebab
"Jasmine Rice";"Mohr, Cartwright and Hoppe";Kebab
Soymilk;"Mohr, Cartwright and Hoppe";Kebab
"Vegetable Oil";"Mohr, Cartwright and Hoppe";Kebab
Apples;"Murazik, Hauck and Hodkiewicz";"Tuna Sashimi"
Butter;"Murazik, Hauck and Hodkiewicz";"Tuna Sashimi"
Cacao;"Murazik, Hauck and Hodkiewicz";"Tuna Sashimi"
"Corn Oil";"Murazik, Hauck and Hodkiewicz";"Tuna Sashimi"
"Cream Cheese";"Murazik, Hauck and Hodkiewicz";"Tuna Sashimi"
Oatmeal;"Murazik, Hauck and Hodkiewicz";"Tuna Sashimi"
"Smoked Trout";"Murazik, Hauck and Hodkiewicz";"Tuna Sashimi"
"Soy Beans";"Murazik, Hauck and Hodkiewicz";"Tuna Sashimi"
Camomile;"Murazik, Hauck and Hodkiewicz";Cheeseburger
"Flaxseed Oil";"Murazik, Hauck and Hodkiewicz";Cheeseburger
Lychees;"Murazik, Hauck and Hodkiewicz";Cheeseburger
Mastic;"Murazik, Hauck and Hodkiewicz";Cheeseburger
Strawberries;"Murazik, Hauck and Hodkiewicz";Cheeseburger
Achacha;"Murazik, Hauck and Hodkiewicz";Pizza
Berries;"Murazik, Hauck and Hodkiewicz";Pizza
"Canola Oil";"Murazik, Hauck and Hodkiewicz";Pizza
Cornmeal;"Murazik, Hauck and Hodkiewicz";Pizza
"Cream Cheese";"Murazik, Hauck and Hodkiewicz";Pizza
Mahlab;"Murazik, Hauck and Hodkiewicz";Pizza
"Smoked Trout";"Murazik, Hauck and Hodkiewicz";Pizza
"Soy Beans";"Murazik, Hauck and Hodkiewicz";Pizza
"Baking Powder";"Murazik, Hauck and Hodkiewicz";"Seafood Paella"
Bonza;"Murazik, Hauck and Hodkiewicz";"Seafood Paella"
Butter;"Murazik, Hauck and Hodkiewicz";"Seafood Paella"
"Cream Cheese";"Murazik, Hauck and Hodkiewicz";"Seafood Paella"
Peas;"Murazik, Hauck and Hodkiewicz";"Seafood Paella"
Strawberries;"Murazik, Hauck and Hodkiewicz";"Seafood Paella"
"Baking Powder";"Murazik, Hauck and Hodkiewicz";"Pasta Carbonara"
Kombu;"Murazik, Hauck and Hodkiewicz";"Pasta Carbonara"
Mahlab;"Murazik, Hauck and Hodkiewicz";"Pasta Carbonara"
Provolone;"Murazik, Hauck and Hodkiewicz";"Pasta Carbonara"
Soymilk;"Murazik, Hauck and Hodkiewicz";"Pasta Carbonara"
Strawberries;"Murazik, Hauck and Hodkiewicz";"Pasta Carbonara"
Tamarillo;"Murazik, Hauck and Hodkiewicz";"Pasta Carbonara"
Tarragon;"Murazik, Hauck and Hodkiewicz";"Pasta Carbonara"
Achacha;"Murphy, Swift and Feest";"Bunny Chow"
"Bean Sprouts";"Murphy, Swift and Feest";"Bunny Chow"
Beef;"Murphy, Swift and Feest";"Bunny Chow"
"Black Eyed Beans";"Murphy, Swift and Feest";"Bunny Chow"
Bonza;"Murphy, Swift and Feest";"Bunny Chow"
Mahlab;"Murphy, Swift and Feest";"Bunny Chow"
Shark;"Murphy, Swift and Feest";"Bunny Chow"
"White Wine";"Murphy, Swift and Feest";"Bunny Chow"
"Baking Powder";"Murphy, Swift and Feest";"Chilli con Carne"
"Bean Sprouts";"Murphy, Swift and Feest";"Chilli con Carne"
"Cream Cheese";"Murphy, Swift and Feest";"Chilli con Carne"
"Pear Juice";"Murphy, Swift and Feest";"Chilli con Carne"
"William Pear";"Murphy, Swift and Feest";"Chilli con Carne"
"Black Eyed Beans";"Murphy, Swift and Feest";"Chicken Wings"
Freekeh;"Murphy, Swift and Feest";"Chicken Wings"
"Jasmine Rice";"Murphy, Swift and Feest";"Chicken Wings"
"Red Cabbage";"Murphy, Swift and Feest";"Chicken Wings"
Rockmelon;"Murphy, Swift and Feest";"Chicken Wings"
"Rose Water";"Murphy, Swift and Feest";"Chicken Wings"
"Bean Sprouts";"Murphy, Swift and Feest";Lasagne
"Extra Virgin Olive Oil";"Murphy, Swift and Feest";Lasagne
Oatmeal;"Murphy, Swift and Feest";Lasagne
Provolone;"Murphy, Swift and Feest";Lasagne
Silverbeet;"Murphy, Swift and Feest";Lasagne
"Soy Beans";"Murphy, Swift and Feest";Lasagne
"Dried Apricots";"Murphy, Swift and Feest";"Pork Belly Buns"
"Hokkien Noodles";"Murphy, Swift and Feest";"Pork Belly Buns"
Kombu;"Murphy, Swift and Feest";"Pork Belly Buns"
Rockmelon;"Murphy, Swift and Feest";"Pork Belly Buns"
"Rye Bread";"Murphy, Swift and Feest";"Pork Belly Buns"
"Sunflower Seeds";"Murphy, Swift and Feest";"Pork Belly Buns"
Tahini;"Murphy, Swift and Feest";"Pork Belly Buns"
"Tapioca Flour";"Murphy, Swift and Feest";"Pork Belly Buns"
Beef;"Murray LLC";"Mushroom Risotto"
"Corn Oil";"Murray LLC";"Mushroom Risotto"
Cauliflower;"Murray LLC";"Fettuccine Alfredo"
"Corn Oil";"Murray LLC";"Fettuccine Alfredo"
"Vegetable Oil";"Murray LLC";"Fettuccine Alfredo"
Mahlab;"Murray LLC";"Pasta Carbonara"
Strawberries;"Murray LLC";"Pasta Carbonara"
Tamarillo;"Murray LLC";"Pasta Carbonara"
Beef;"Nienow LLC";"Bruschette with Tomato"
Beef;"Nienow LLC";"Bunny Chow"
Bonza;"Nienow LLC";"Bunny Chow"
Shark;"Nienow LLC";"Bunny Chow"
Apples;"Nienow LLC";"Massaman Curry"
"Pear Juice";"Nienow LLC";"Massaman Curry"
Silverbeet;"Nienow LLC";"Massaman Curry"
"Baking Powder";"Nienow LLC";"Pasta Carbonara"
Kombu;"Nienow LLC";"Pasta Carbonara"
Provolone;"Nienow LLC";"Pasta Carbonara"
Soymilk;"Nienow LLC";"Pasta Carbonara"
"Baking Powder";"Nienow LLC";"Chilli con Carne"
"Cream Cheese";"Nienow LLC";"Chilli con Carne"
"Pear Juice";"Nienow LLC";"Chilli con Carne"
"Baking Powder";"Ondricka, Smith and Rutherford";"Chilli con Carne"
"Bean Sprouts";"Ondricka, Smith and Rutherford";"Chilli con Carne"
"Cream Cheese";"Ondricka, Smith and Rutherford";"Chilli con Carne"
"Pear Juice";"Ondricka, Smith and Rutherford";"Chilli con Carne"
"William Pear";"Ondricka, Smith and Rutherford";"Chilli con Carne"
"Corn Oil";"Ondricka, Smith and Rutherford";"Stinky Tofu"
Ham;"Ondricka, Smith and Rutherford";"Stinky Tofu"
Kidneys;"Ondricka, Smith and Rutherford";"Stinky Tofu"
"Nutritional Yeast";"Ondricka, Smith and Rutherford";"Stinky Tofu"
Parsnip;"Ondricka, Smith and Rutherford";"Stinky Tofu"
Peas;"Ondricka, Smith and Rutherford";"Stinky Tofu"
"Rose Water";"Ondricka, Smith and Rutherford";"Stinky Tofu"
Shark;"Ondricka, Smith and Rutherford";"Stinky Tofu"
Butter;"Ondricka, Smith and Rutherford";"Salmon Nigiri"
"Green Tea Noodles";"Ondricka, Smith and Rutherford";"Salmon Nigiri"
Parsnip;"Ondricka, Smith and Rutherford";"Salmon Nigiri"
Pork;"Ondricka, Smith and Rutherford";"Salmon Nigiri"
Tahini;"Ondricka, Smith and Rutherford";"Salmon Nigiri"
Tarragon;"Ondricka, Smith and Rutherford";"Salmon Nigiri"
Warehou;"Ondricka, Smith and Rutherford";"Salmon Nigiri"
"Baking Powder";"Ondricka, Smith and Rutherford";"Vegetable Soup"
Beef;"Ondricka, Smith and Rutherford";"Vegetable Soup"
Berries;"Ondricka, Smith and Rutherford";"Vegetable Soup"
"Black Eyed Beans";"Ondricka, Smith and Rutherford";"Vegetable Soup"
Feta;"Ondricka, Smith and Rutherford";"Vegetable Soup"
Tahini;"Ondricka, Smith and Rutherford";"Vegetable Soup"
Freekeh;"Pagac, Simonis and Cole";"Teriyaki Chicken Donburi"
Parsnip;"Pagac, Simonis and Cole";"Teriyaki Chicken Donburi"
Redfish;"Pagac, Simonis and Cole";"Teriyaki Chicken Donburi"
Spinach;"Pagac, Simonis and Cole";"Teriyaki Chicken Donburi"
Strawberries;"Pagac, Simonis and Cole";"Teriyaki Chicken Donburi"
Berries;"Pagac, Simonis and Cole";"Pasta and Beans"
"Cottage Cheese";"Pagac, Simonis and Cole";"Pasta and Beans"
Nuts;"Pagac, Simonis and Cole";"Pasta and Beans"
Pork;"Pagac, Simonis and Cole";"Pasta and Beans"
Redfish;"Pagac, Simonis and Cole";"Pasta and Beans"
Rockmelon;"Pagac, Simonis and Cole";"Pasta and Beans"
"Rye Bread";"Pagac, Simonis and Cole";"Pasta and Beans"
Shark;"Pagac, Simonis and Cole";"Pasta and Beans"
Ham;"Pagac, Simonis and Cole";Sushi
Kidneys;"Pagac, Simonis and Cole";Sushi
Kombu;"Pagac, Simonis and Cole";Sushi
Tarragon;"Pagac, Simonis and Cole";Sushi
Tinned;"Pagac, Simonis and Cole";Sushi
Berries;"Pfeffer, Macejkovic and Batz";Souvlaki
Camomile;"Pfeffer, Macejkovic and Batz";Souvlaki
Cinnamon;"Pfeffer, Macejkovic and Batz";Souvlaki
Redfish;"Pfeffer, Macejkovic and Batz";Souvlaki
"Rose Water";"Pfeffer, Macejkovic and Batz";Souvlaki
"Vegetable Oil";"Pfeffer, Macejkovic and Batz";Souvlaki
Cardamom;"Pfeffer, Macejkovic and Batz";"California Maki"
"Chia Seeds";"Pfeffer, Macejkovic and Batz";"California Maki"
"Cream Cheese";"Pfeffer, Macejkovic and Batz";"California Maki"
"Green Tea Noodles";"Pfeffer, Macejkovic and Batz";"California Maki"
Lychees;"Pfeffer, Macejkovic and Batz";"California Maki"
Provolone;"Pfeffer, Macejkovic and Batz";"California Maki"
Silverbeet;"Pfeffer, Macejkovic and Batz";"California Maki"
Tamarillo;"Pfeffer, Macejkovic and Batz";"California Maki"
Ham;"Pfeffer, Macejkovic and Batz";Sushi
Kidneys;"Pfeffer, Macejkovic and Batz";Sushi
Kombu;"Pfeffer, Macejkovic and Batz";Sushi
Tarragon;"Pfeffer, Macejkovic and Batz";Sushi
Tinned;"Pfeffer, Macejkovic and Batz";Sushi
"Dried Apricots";"Pfeffer, Macejkovic and Batz";"Pork Belly Buns"
"Hokkien Noodles";"Pfeffer, Macejkovic and Batz";"Pork Belly Buns"
Kombu;"Pfeffer, Macejkovic and Batz";"Pork Belly Buns"
Rockmelon;"Pfeffer, Macejkovic and Batz";"Pork Belly Buns"
"Rye Bread";"Pfeffer, Macejkovic and Batz";"Pork Belly Buns"
"Sunflower Seeds";"Pfeffer, Macejkovic and Batz";"Pork Belly Buns"
Tahini;"Pfeffer, Macejkovic and Batz";"Pork Belly Buns"
"Tapioca Flour";"Pfeffer, Macejkovic and Batz";"Pork Belly Buns"
Butter;"Pfeffer, Macejkovic and Batz";"Salmon Nigiri"
"Green Tea Noodles";"Pfeffer, Macejkovic and Batz";"Salmon Nigiri"
Parsnip;"Pfeffer, Macejkovic and Batz";"Salmon Nigiri"
Pork;"Pfeffer, Macejkovic and Batz";"Salmon Nigiri"
Tahini;"Pfeffer, Macejkovic and Batz";"Salmon Nigiri"
Tarragon;"Pfeffer, Macejkovic and Batz";"Salmon Nigiri"
Warehou;"Pfeffer, Macejkovic and Batz";"Salmon Nigiri"
Bonza;"Pollich Inc";"Philadelphia Maki"
Tamarillo;"Pollich Inc";"Philadelphia Maki"
"Cream Cheese";"Pollich Inc";Pizza
"Soy Beans";"Pollich Inc";Pizza
"Baking Powder";"Pollich Inc";"French Toast"
"Tapioca Flour";"Pollich Inc";"French Toast"
"Baking Powder";"Pollich Inc";"Seafood Paella"
Bonza;"Pollich Inc";"Seafood Paella"
Butter;"Pollich Inc";"Seafood Paella"
"Cream Cheese";"Pollich Inc";"Seafood Paella"
Apricots;"Purdy, Weimann and Carroll";Pho
Kombu;"Purdy, Weimann and Carroll";Pho
"Pecan Nut";"Purdy, Weimann and Carroll";Pho
Rockmelon;"Purdy, Weimann and Carroll";Pho
"Rye Bread";"Purdy, Weimann and Carroll";Pho
Tinned;"Purdy, Weimann and Carroll";Pho
Camomile;"Purdy, Weimann and Carroll";"Fish and Chips"
Loquats;"Purdy, Weimann and Carroll";"Fish and Chips"
"Rose Water";"Purdy, Weimann and Carroll";"Fish and Chips"
Saffron;"Purdy, Weimann and Carroll";"Fish and Chips"
"Smoked Trout";"Purdy, Weimann and Carroll";"Fish and Chips"
"Soy Beans";"Purdy, Weimann and Carroll";"Fish and Chips"
"Tapioca Flour";"Purdy, Weimann and Carroll";"Fish and Chips"
"Vegetable Oil";"Purdy, Weimann and Carroll";"Fish and Chips"
"Black Eyed Beans";"Purdy, Weimann and Carroll";Kebab
"Curry Powder";"Purdy, Weimann and Carroll";Kebab
Feta;"Purdy, Weimann and Carroll";Kebab
"Jasmine Rice";"Purdy, Weimann and Carroll";Kebab
Soymilk;"Purdy, Weimann and Carroll";Kebab
"Vegetable Oil";"Purdy, Weimann and Carroll";Kebab
Achacha;Quigley-Braun;Tiramisù
Mahlab;Quigley-Braun;Tiramisù
Salmon;Quigley-Braun;Tiramisù
"Sunflower Oil";Quigley-Braun;Tiramisù
Oatmeal;Quigley-Braun;"Barbecue Ribs"
Tinned;Quigley-Braun;"Barbecue Ribs"
Fingerlime;Quigley-Braun;"Meatballs with Sauce"
"Flaxseed Oil";Quigley-Braun;"Meatballs with Sauce"
"Rye Bread";Quigley-Braun;"Meatballs with Sauce"
"Sunflower Oil";Quigley-Braun;"Meatballs with Sauce"
Tamarillo;Quigley-Braun;"Meatballs with Sauce"
Apples;Quigley-Braun;"Tuna Sashimi"
Cacao;Quigley-Braun;"Tuna Sashimi"
Oatmeal;Quigley-Braun;"Tuna Sashimi"
"Smoked Trout";Quigley-Braun;"Tuna Sashimi"
Bacon;Quigley-Braun;"Ricotta Stuffed Ravioli"
"Jasmine Rice";Quigley-Braun;"Ricotta Stuffed Ravioli"
"Pecan Nut";Quigley-Braun;"Ricotta Stuffed Ravioli"
"Sunflower Oil";Quigley-Braun;"Ricotta Stuffed Ravioli"
"Curry Powder";Reilly-Ebert;Kebab
Soymilk;Reilly-Ebert;Kebab
Camomile;Reilly-Ebert;Cheeseburger
"Flaxseed Oil";Reilly-Ebert;Cheeseburger
Loquats;"Rempel and Sons";"Fish and Chips"
Saffron;"Rempel and Sons";"Fish and Chips"
"Smoked Trout";"Rempel and Sons";"Fish and Chips"
"Soy Beans";"Rempel and Sons";"Fish and Chips"
"Flat Mushrooms";"Rempel and Sons";Poke
Nuts;"Rempel and Sons";Poke
Peas;"Rempel and Sons";Poke
Spinach;"Rempel and Sons";Poke
"Baking Powder";"Rempel and Sons";"Pasta Carbonara"
Mahlab;"Rempel and Sons";"Pasta Carbonara"
Tamarillo;"Rempel and Sons";"Pasta Carbonara"
Tarragon;"Rempel and Sons";"Pasta Carbonara"
"Coriander Leaves";Rogahn-Crist;"Barbecue Ribs"
Elderberry;Rogahn-Crist;"Barbecue Ribs"
"English Spinach";Rogahn-Crist;"Barbecue Ribs"
Oatmeal;Rogahn-Crist;"Barbecue Ribs"
Tinned;Rogahn-Crist;"Barbecue Ribs"
"Flat Mushrooms";Rogahn-Crist;"Chicken Fajitas"
"Nutritional Yeast";Rogahn-Crist;"Chicken Fajitas"
Peas;Rogahn-Crist;"Chicken Fajitas"
Redfish;Rogahn-Crist;"Chicken Fajitas"
"Taleggio Cheese";Rogahn-Crist;"Chicken Fajitas"
"Black Eyed Beans";Rogahn-Crist;Kebab
"Curry Powder";Rogahn-Crist;Kebab
Feta;Rogahn-Crist;Kebab
"Jasmine Rice";Rogahn-Crist;Kebab
Soymilk;Rogahn-Crist;Kebab
"Vegetable Oil";Rogahn-Crist;Kebab
"Extra Virgin Olive Oil";"Schaden LLC";Lasagne
Provolone;"Schaden LLC";Lasagne
Ham;"Schaden LLC";"Chicken Parm"
"Omega Spread";"Schaden LLC";"Chicken Parm"
Warehou;"Schaden LLC";"Chicken Parm"
"Hokkien Noodles";"Schaden LLC";"Katsu Curry"
Warehou;"Schaden LLC";"Katsu Curry"
"William Pear";"Schaden LLC";"Katsu Curry"
Apples;"Schiller Group";"Scotch Eggs"
"Baking Powder";"Schiller Group";"Scotch Eggs"
"Extra Virgin Olive Oil";"Schiller Group";"Scotch Eggs"
"Flaxseed Oil";"Schiller Group";"Scotch Eggs"
Peas;"Schiller Group";"Scotch Eggs"
"Rye Bread";"Schiller Group";"Scotch Eggs"
Soymilk;"Schiller Group";"Scotch Eggs"
"William Pear";"Schiller Group";"Scotch Eggs"
"Baking Powder";"Schiller Group";"Mushroom Risotto"
Beef;"Schiller Group";"Mushroom Risotto"
"Corn Oil";"Schiller Group";"Mushroom Risotto"
"Pear Juice";"Schiller Group";"Mushroom Risotto"
"Pecan Nut";"Schiller Group";"Mushroom Risotto"
"Rye Bread";"Schiller Group";"Mushroom Risotto"
"Vegetable Stock";"Schiller Group";"Mushroom Risotto"
Achacha;"Schiller Group";"French Fries with Sausages"
"Baking Powder";"Schiller Group";"French Fries with Sausages"
Oatmeal;"Schiller Group";"French Fries with Sausages"
Parsnip;"Schiller Group";"French Fries with Sausages"
Peas;"Schiller Group";"French Fries with Sausages"
Redfish;"Schiller Group";"French Fries with Sausages"
"Rice Noodles";"Schiller Group";"French Fries with Sausages"
"Flat Mushrooms";"Schinner Group";"Chicken Fajitas"
"Nutritional Yeast";"Schinner Group";"Chicken Fajitas"
Peas;"Schinner Group";"Chicken Fajitas"
Redfish;"Schinner Group";"Chicken Fajitas"
"Taleggio Cheese";"Schinner Group";"Chicken Fajitas"
Freekeh;"Schinner Group";"Teriyaki Chicken Donburi"
Parsnip;"Schinner Group";"Teriyaki Chicken Donburi"
Redfish;"Schinner Group";"Teriyaki Chicken Donburi"
Spinach;"Schinner Group";"Teriyaki Chicken Donburi"
Strawberries;"Schinner Group";"Teriyaki Chicken Donburi"
Bonza;"Schinner Group";"Pork Sausage Roll"
"Cottage Cheese";"Schinner Group";"Pork Sausage Roll"
Freekeh;"Schinner Group";"Pork Sausage Roll"
"Hokkien Noodles";"Schinner Group";"Pork Sausage Roll"
Nuts;"Schinner Group";"Pork Sausage Roll"
Parsnip;"Schinner Group";"Pork Sausage Roll"
Cinnamon;"Schinner Group";"Pasta with Tomato and Basil"
"Cream Cheese";"Schinner Group";"Pasta with Tomato and Basil"
Parsnip;"Schinner Group";"Pasta with Tomato and Basil"
Soymilk;"Schinner Group";"Pasta with Tomato and Basil"
"Sunflower Oil";"Schinner Group";"Pasta with Tomato and Basil"
Tarragon;"Schinner Group";"Pasta with Tomato and Basil"
Cauliflower;"Schinner, Sauer and Powlowski";"Fettuccine Alfredo"
"Corn Oil";"Schinner, Sauer and Powlowski";"Fettuccine Alfredo"
"Pecan Nut";"Schinner, Sauer and Powlowski";"Fettuccine Alfredo"
"Vegetable Oil";"Schinner, Sauer and Powlowski";"Fettuccine Alfredo"
"Corn Oil";"Schinner, Sauer and Powlowski";"Tuna Sashimi"
"Smoked Trout";"Schinner, Sauer and Powlowski";"Tuna Sashimi"
Elderberry;"Schinner, Sauer and Powlowski";"Philadelphia Maki"
"Black Eyed Beans";"Schinner, Sauer and Powlowski";"Bruschette with Tomato"
"Nutritional Yeast";"Schinner, Sauer and Powlowski";"Bruschette with Tomato"
"Taleggio Cheese";"Schinner, Sauer and Powlowski";"Bruschette with Tomato"
"William Pear";"Schinner, Sauer and Powlowski";"Bruschette with Tomato"
"Black Eyed Beans";Schmeler-Renner;"Katsu Curry"
Cardamom;Schmeler-Renner;"Katsu Curry"
Strawberries;Schmeler-Renner;"Katsu Curry"
Warehou;Schmeler-Renner;"Katsu Curry"
"William Pear";Schmeler-Renner;"Katsu Curry"
"Black Eyed Beans";Schmeler-Renner;"Risotto with Seafood"
"Corn Oil";Schmeler-Renner;"Risotto with Seafood"
"Pear Juice";Schmeler-Renner;"Risotto with Seafood"
Tahini;Schmeler-Renner;"Risotto with Seafood"
Beef;Schmeler-Renner;"Mushroom Risotto"
"Corn Oil";Schmeler-Renner;"Mushroom Risotto"
"Pear Juice";Schmeler-Renner;"Mushroom Risotto"
"Rye Bread";Schmeler-Renner;"Mushroom Risotto"
Nuts;Schmeler-Renner;"Pork Sausage Roll"
Achacha;Schmitt-Reichert;"Cauliflower Penne"
Plums;Schmitt-Reichert;"Cauliflower Penne"
"Sunflower Seeds";Schmitt-Reichert;"Cauliflower Penne"
Tarragon;Schmitt-Reichert;"Cauliflower Penne"
Pork;Schmitt-Reichert;"Pasta and Beans"
"Rye Bread";Schmitt-Reichert;"Pasta and Beans"
"Baking Powder";Schmitt-Reichert;"Chilli con Carne"
"Pear Juice";Schmitt-Reichert;"Chilli con Carne"
"William Pear";Schmitt-Reichert;"Chilli con Carne"
Cardamom;Schmitt-Reichert;"California Maki"
Lychees;Schmitt-Reichert;"California Maki"
Provolone;Schmitt-Reichert;"California Maki"
Silverbeet;Schmitt-Reichert;"California Maki"
Tamarillo;Schmitt-Reichert;"California Maki"
Beef;"Sipes, Schamberger and Stokes";"Bruschette with Tomato"
"Black Eyed Beans";"Sipes, Schamberger and Stokes";"Bruschette with Tomato"
"Chia Seeds";"Sipes, Schamberger and Stokes";"Bruschette with Tomato"
"Taleggio Cheese";"Sipes, Schamberger and Stokes";"Bruschette with Tomato"
Turnips;"Sipes, Schamberger and Stokes";"Bruschette with Tomato"
"William Pear";"Sipes, Schamberger and Stokes";"Bruschette with Tomato"
"Apple Cider Vinegar";"Sipes, Schamberger and Stokes";"Pappardelle alla Bolognese"
Loquats;"Sipes, Schamberger and Stokes";"Pappardelle alla Bolognese"
Provolone;"Sipes, Schamberger and Stokes";"Pappardelle alla Bolognese"
Tarragon;"Sipes, Schamberger and Stokes";"Pappardelle alla Bolognese"
Ham;"Sipes, Schamberger and Stokes";Sushi
Kombu;"Sipes, Schamberger and Stokes";Sushi
Tarragon;"Sipes, Schamberger and Stokes";Sushi
Achacha;"Sipes, Schamberger and Stokes";"Cauliflower Penne"
Camomile;"Sipes, Schamberger and Stokes";"Cauliflower Penne"
Plums;"Sipes, Schamberger and Stokes";"Cauliflower Penne"
"Sunflower Seeds";"Sipes, Schamberger and Stokes";"Cauliflower Penne"
Tarragon;"Sipes, Schamberger and Stokes";"Cauliflower Penne"
"Cream Cheese";"Sipes, Schamberger and Stokes";"Seafood Paella"
Peas;"Sipes, Schamberger and Stokes";"Seafood Paella"
Strawberries;"Sipes, Schamberger and Stokes";"Seafood Paella"
"Baking Powder";"Skiles Group";"Seafood Paella"
Apples;"Skiles Group";"Massaman Curry"
"Pear Juice";"Skiles Group";"Massaman Curry"
Plums;"Skiles Group";"Massaman Curry"
Silverbeet;"Skiles Group";"Massaman Curry"
"Chia Seeds";"Skiles Group";"California Maki"
"Green Tea Noodles";"Skiles Group";"California Maki"
Silverbeet;"Skiles Group";"California Maki"
Kombu;"Skiles Group";Sushi
Tarragon;"Skiles Group";Sushi
"Cottage Cheese";"Sporer Group";"Pork Sausage Roll"
Freekeh;"Sporer Group";"Pork Sausage Roll"
"Hokkien Noodles";"Sporer Group";"Pork Sausage Roll"
Nuts;"Sporer Group";"Pork Sausage Roll"
Cornmeal;"Sporer Group";"Ebiten maki"
"Rice Flour";"Sporer Group";"Ebiten maki"
"Rose Water";"Sporer Group";"Ebiten maki"
Soymilk;"Sporer Group";"Ebiten maki"
"Extra Virgin Olive Oil";"Sporer Group";Lasagne
"Soy Beans";"Sporer Group";Lasagne
"Apple Cider Vinegar";"Sporer Group";"Pappardelle alla Bolognese"
Loquats;"Sporer Group";"Pappardelle alla Bolognese"
Cinnamon;"Sporer Group";"Pasta with Tomato and Basil"
"Cream Cheese";"Sporer Group";"Pasta with Tomato and Basil"
Soymilk;"Sporer Group";"Pasta with Tomato and Basil"
"Sunflower Oil";"Sporer Group";"Pasta with Tomato and Basil"
Cauliflower;"Torp LLC";"Ebiten maki"
Cornmeal;"Torp LLC";"Ebiten maki"
"Rice Flour";"Torp LLC";"Ebiten maki"
"Rose Water";"Torp LLC";"Ebiten maki"
Soymilk;"Torp LLC";"Ebiten maki"
Achacha;"Torp LLC";Poutine
"Chia Seeds";"Torp LLC";Poutine
"Cream Cheese";"Torp LLC";Poutine
"Dried Apricots";"Torp LLC";Poutine
Elderberry;"Torp LLC";Poutine
Loquats;"Torp LLC";Poutine
"Apple Cider Vinegar";"Torp LLC";"Pappardelle alla Bolognese"
Loquats;"Torp LLC";"Pappardelle alla Bolognese"
Pork;"Torp LLC";"Pappardelle alla Bolognese"
Provolone;"Torp LLC";"Pappardelle alla Bolognese"
Tarragon;"Torp LLC";"Pappardelle alla Bolognese"
Apricots;"VonRueden, Baumbach and Blick";Pho
Kombu;"VonRueden, Baumbach and Blick";Pho
"Pecan Nut";"VonRueden, Baumbach and Blick";Pho
Rockmelon;"VonRueden, Baumbach and Blick";Pho
"Rye Bread";"VonRueden, Baumbach and Blick";Pho
Tinned;"VonRueden, Baumbach and Blick";Pho
Achacha;"VonRueden, Baumbach and Blick";"Bunny Chow"
"Bean Sprouts";"VonRueden, Baumbach and Blick";"Bunny Chow"
Beef;"VonRueden, Baumbach and Blick";"Bunny Chow"
"Black Eyed Beans";"VonRueden, Baumbach and Blick";"Bunny Chow"
Bonza;"VonRueden, Baumbach and Blick";"Bunny Chow"
Mahlab;"VonRueden, Baumbach and Blick";"Bunny Chow"
Shark;"VonRueden, Baumbach and Blick";"Bunny Chow"
"White Wine";"VonRueden, Baumbach and Blick";"Bunny Chow"
Butter;"VonRueden, Baumbach and Blick";"Salmon Nigiri"
"Green Tea Noodles";"VonRueden, Baumbach and Blick";"Salmon Nigiri"
Parsnip;"VonRueden, Baumbach and Blick";"Salmon Nigiri"
Pork;"VonRueden, Baumbach and Blick";"Salmon Nigiri"
Tahini;"VonRueden, Baumbach and Blick";"Salmon Nigiri"
Tarragon;"VonRueden, Baumbach and Blick";"Salmon Nigiri"
Warehou;"VonRueden, Baumbach and Blick";"Salmon Nigiri"
"Chia Seeds";"VonRueden, Baumbach and Blick";Arepas
Cornmeal;"VonRueden, Baumbach and Blick";Arepas
"Extra Virgin Olive Oil";"VonRueden, Baumbach and Blick";Arepas
"Iceberg Lettuce";"VonRueden, Baumbach and Blick";Arepas
Provolone;"VonRueden, Baumbach and Blick";Arepas
"Tapioca Flour";"VonRueden, Baumbach and Blick";Arepas
"Baking Powder";Ward-Heller;"Chilli con Carne"
"Bean Sprouts";Ward-Heller;"Chilli con Carne"
"Cream Cheese";Ward-Heller;"Chilli con Carne"
"Pear Juice";Ward-Heller;"Chilli con Carne"
"William Pear";Ward-Heller;"Chilli con Carne"
Beef;Ward-Heller;"Bruschette with Tomato"
"Black Eyed Beans";Ward-Heller;"Bruschette with Tomato"
"Chia Seeds";Ward-Heller;"Bruschette with Tomato"
"Nutritional Yeast";Ward-Heller;"Bruschette with Tomato"
"Rice Noodles";Ward-Heller;"Bruschette with Tomato"
"Taleggio Cheese";Ward-Heller;"Bruschette with Tomato"
Turnips;Ward-Heller;"Bruschette with Tomato"
"William Pear";Ward-Heller;"Bruschette with Tomato"
Fingerlime;Ward-Heller;"Meatballs with Sauce"
"Flaxseed Oil";Ward-Heller;"Meatballs with Sauce"
"Rye Bread";Ward-Heller;"Meatballs with Sauce"
"Sunflower Oil";Ward-Heller;"Meatballs with Sauce"
Tamarillo;Ward-Heller;"Meatballs with Sauce"
Apples;White-Stroman;"Scotch Eggs"
"Baking Powder";White-Stroman;"Scotch Eggs"
"Extra Virgin Olive Oil";White-Stroman;"Scotch Eggs"
"Flaxseed Oil";White-Stroman;"Scotch Eggs"
Peas;White-Stroman;"Scotch Eggs"
"Rye Bread";White-Stroman;"Scotch Eggs"
Soymilk;White-Stroman;"Scotch Eggs"
"William Pear";White-Stroman;"Scotch Eggs"
Achacha;White-Stroman;"French Fries with Sausages"
"Baking Powder";White-Stroman;"French Fries with Sausages"
Oatmeal;White-Stroman;"French Fries with Sausages"
Parsnip;White-Stroman;"French Fries with Sausages"
Peas;White-Stroman;"French Fries with Sausages"
Redfish;White-Stroman;"French Fries with Sausages"
"Rice Noodles";White-Stroman;"French Fries with Sausages"
Berries;White-Stroman;"Pasta and Beans"
"Cottage Cheese";White-Stroman;"Pasta and Beans"
Nuts;White-Stroman;"Pasta and Beans"
Pork;White-Stroman;"Pasta and Beans"
Redfish;White-Stroman;"Pasta and Beans"
Rockmelon;White-Stroman;"Pasta and Beans"
"Rye Bread";White-Stroman;"Pasta and Beans"
Shark;White-Stroman;"Pasta and Beans"
Achacha;White-Stroman;"Katsu Curry"
"Black Eyed Beans";White-Stroman;"Katsu Curry"
Cardamom;White-Stroman;"Katsu Curry"
"Hokkien Noodles";White-Stroman;"Katsu Curry"
Strawberries;White-Stroman;"Katsu Curry"
Warehou;White-Stroman;"Katsu Curry"
"William Pear";White-Stroman;"Katsu Curry"
Camomile;White-Stroman;Cheeseburger
"Flaxseed Oil";White-Stroman;Cheeseburger
Lychees;White-Stroman;Cheeseburger
Mastic;White-Stroman;Cheeseburger
Strawberries;White-Stroman;Cheeseburger
Achacha;"Willms, Larson and Herzog";Tiramisù
"Cottage Cheese";"Willms, Larson and Herzog";Tiramisù
Mahlab;"Willms, Larson and Herzog";Tiramisù
Salmon;"Willms, Larson and Herzog";Tiramisù
"Sunflower Oil";"Willms, Larson and Herzog";Tiramisù
"Baking Powder";"Willms, Larson and Herzog";"Pasta Carbonara"
Kombu;"Willms, Larson and Herzog";"Pasta Carbonara"
Mahlab;"Willms, Larson and Herzog";"Pasta Carbonara"
Provolone;"Willms, Larson and Herzog";"Pasta Carbonara"
Soymilk;"Willms, Larson and Herzog";"Pasta Carbonara"
Strawberries;"Willms, Larson and Herzog";"Pasta Carbonara"
Tamarillo;"Willms, Larson and Herzog";"Pasta Carbonara"
Tarragon;"Willms, Larson and Herzog";"Pasta Carbonara"
Bacon;"Willms, Larson and Herzog";Pierogi
"Cottage Cheese";"Willms, Larson and Herzog";Pierogi
"Flaxseed Oil";"Willms, Larson and Herzog";Pierogi
Rockmelon;"Willms, Larson and Herzog";Pierogi
Silverbeet;"Willms, Larson and Herzog";Pierogi
Tahini;"Willms, Larson and Herzog";Pierogi
Tamarillo;"Willms, Larson and Herzog";Pierogi
Turnips;"Willms, Larson and Herzog";Pierogi
"Curry Powder";Wolff-Cartwright;Kebab
"Jasmine Rice";Wolff-Cartwright;Kebab
Soymilk;Wolff-Cartwright;Kebab
Soymilk;Wolff-Cartwright;"Pasta with Tomato and Basil"
"Bean Sprouts";Wolff-Cartwright;"Chilli con Carne"
"Pear Juice";Wolff-Cartwright;"Chilli con Carne"
Beef;Wolff-Cartwright;"Mushroom Risotto"
"Pear Juice";Wolff-Cartwright;"Mushroom Risotto"
"Rye Bread";Wolff-Cartwright;"Mushroom Risotto"
Camomile;Wolff-Cartwright;"Cauliflower Penne"
Plums;Wolff-Cartwright;"Cauliflower Penne"
"Canola Oil";"Zieme Inc";"Peking Duck"
Fingerlime;"Zieme Inc";"Peking Duck"
"Rice Noodles";"Zieme Inc";"Peking Duck"
Tahini;"Zieme Inc";"Peking Duck"
Tarragon;"Zieme Inc";"Peking Duck"
Beef;"Zieme Inc";"Caprese Salad"
Elderberry;"Zieme Inc";"Caprese Salad"
"Flat Mushrooms";"Zieme Inc";"Caprese Salad"
"Nutritional Yeast";"Zieme Inc";"Caprese Salad"
"Pecan Nut";"Zieme Inc";"Caprese Salad"
Pork;"Zieme Inc";"Caprese Salad"
"Smoked Trout";"Zieme Inc";"Caprese Salad"
"Vegetable Stock";"Zieme Inc";"Caprese Salad"
Cauliflower;"Zieme Inc";"Ebiten maki"
Cornmeal;"Zieme Inc";"Ebiten maki"
"Rice Flour";"Zieme Inc";"Ebiten maki"
"Rose Water";"Zieme Inc";"Ebiten maki"
Soymilk;"Zieme Inc";"Ebiten maki"
Freekeh;"Zieme Inc";"Teriyaki Chicken Donburi"
Parsnip;"Zieme Inc";"Teriyaki Chicken Donburi"
Redfish;"Zieme Inc";"Teriyaki Chicken Donburi"
Spinach;"Zieme Inc";"Teriyaki Chicken Donburi"
Strawberries;"Zieme Inc";"Teriyaki Chicken Donburi"
Ham;"Zieme Inc";"Chicken Parm"
Lychees;"Zieme Inc";"Chicken Parm"
Nuts;"Zieme Inc";"Chicken Parm"
"Omega Spread";"Zieme Inc";"Chicken Parm"
Redfish;"Zieme Inc";"Chicken Parm"
"Rose Water";"Zieme Inc";"Chicken Parm"
"Sunflower Seeds";"Zieme Inc";"Chicken Parm"
Warehou;"Zieme Inc";"Chicken Parm"
