hotel_name,ingredient_name
"Dare, Hoppe and Moore",Achacha
"Dare, Hoppe and Moore",Achacha
Dietrich Inc,Achacha
Dare LLC,Achacha
"VonRueden, Baumbach and Blick",Achacha
Schmitt-Reichert,Achacha
Cremin Inc,Achacha
"Lindgren, Willms and MacGyver",Achacha
"Lindgren, Willms and MacGyver",Achacha
Kulas LLC,Achacha
Torp LLC,Achacha
Blanda and Sons,Achacha
Medhurst-Trantow,Achacha
Medhurst-Trantow,Achacha
"Johnson, Watsica and Koch",Achacha
"Mohr, Cartwright and Hoppe",Achacha
"Hayes, Bins and Considine",Achacha
Pollich Inc,Achacha
Pollich Inc,Achacha
Kiehn Group,Achacha
Langosh-Franecki,Achacha
Langosh-Franecki,Achacha
Kerluke-Armstrong,Achacha
Quigley-Braun,Achacha
"Sipes, Schamberger and Stokes",Achacha
"Kutch, Ryan and Boyer",Achacha
"Kutch, Ryan and Boyer",Achacha
Schmeler-Renner,Achacha
Lowe-McCullough,Achacha
Dickens-Ortiz,Achacha
Wolff-Cartwright,Achacha
"Leannon, Cassin and Trantow",Achacha
Blick-Bartell,Achacha
Rempel and Sons,Achacha
Fadel-Jast,Achacha
Labadie-Runolfsson,Achacha
Cole Group,Achacha
"Murazik, Hauck and Hodkiewicz",Achacha
Leffler-Aufderhar,Achacha
"Murphy, Swift and Feest",Achacha
"Medhurst, Streich and Schamberger",Achacha
"Becker, Considine and Koelpin",Achacha
Nienow LLC,Achacha
"Koelpin, Hoppe and Corwin",Achacha
"Koelpin, Hoppe and Corwin",Achacha
"Koelpin, Hoppe and Corwin",Achacha
"Aufderhar, Mosciski and Smith",Achacha
Heaney - Robel and Witting,Achacha
Schaden LLC,Achacha
Braun-Wunsch,Achacha
Lockman-Wintheiser,Achacha
Schiller Group,Achacha
Champlin-Kemmer,Achacha
White-Stroman,Achacha
White-Stroman,Achacha
"Hodkiewicz, Luettgen and Stoltenberg",Achacha
"McCullough, Leannon and Nolan",Achacha
Hintz Group,Achacha
Goldner LLC,Achacha
Hegmann Inc,Achacha
Hegmann Inc,Achacha
Franecki Group,Achacha
"Ernser, Champlin and Halvorson",Achacha
"Willms, Larson and Herzog",Achacha
Kuhn-Dach,Achacha
Kuhn-Dach,Achacha
"Dare, Hoppe and Moore",Apple Cider Vinegar
Dare LLC,Apple Cider Vinegar
"Kling, Luettgen and Jast",Apple Cider Vinegar
"Lubowitz, Prohaska and Reilly",Apple Cider Vinegar
Torp LLC,Apple Cider Vinegar
Feest-Bode,Apple Cider Vinegar
"Sipes, Schamberger and Stokes",Apple Cider Vinegar
Feil LLC,Apple Cider Vinegar
Sporer Group,Apple Cider Vinegar
Altenwerth and Sons,Apple Cider Vinegar
"Dare, Hoppe and Moore",Apples
Hyatt Inc,Apples
Kulas LLC,Apples
Quigley-Braun,Apples
"Kassulke, Rath and Upton",Apples
Cruickshank-Franecki,Apples
Cole Group,Apples
Cole Group,Apples
"Murazik, Hauck and Hodkiewicz",Apples
Bahringer LLC,Apples
Bahringer LLC,Apples
Nienow LLC,Apples
Skiles Group,Apples
"Schinner, Sauer and Powlowski",Apples
"Feest, Sporer and Bosco",Apples
Schiller Group,Apples
White-Stroman,Apples
Goldner LLC,Apples
Kuhn-Dach,Apples
"Dare, Hoppe and Moore",Apricots
"VonRueden, Baumbach and Blick",Apricots
Cremin Inc,Apricots
"Lindgren, Willms and MacGyver",Apricots
"Purdy, Weimann and Carroll",Apricots
Langosh-Franecki,Apricots
Kerluke-Armstrong,Apricots
Fadel-Jast,Apricots
Cole Group,Apricots
Bosco-Bayer,Apricots
"Cummings, O'Hara and Casper",Apricots
Nienow LLC,Apricots
Skiles Group,Apricots
Goldner LLC,Apricots
Brown Group,Bacon
Kiehn Group,Bacon
Kiehn Group,Bacon
Quigley-Braun,Bacon
"Kassulke, Rath and Upton",Bacon
"Leannon, Cassin and Trantow",Bacon
Bruen-Jaskolski,Bacon
"Becker, Considine and Koelpin",Bacon
"Becker, Considine and Koelpin",Bacon
Braun-Wunsch,Bacon
"McCullough, Leannon and Nolan",Bacon
Hintz Group,Bacon
Hintz Group,Bacon
"Willms, Larson and Herzog",Bacon
Grant-Hand,Bacon
Dietrich Inc,Baking Powder
Dare LLC,Baking Powder
Murray LLC,Baking Powder
Murray LLC,Baking Powder
Schmitt-Reichert,Baking Powder
"Ondricka, Smith and Rutherford",Baking Powder
"Ondricka, Smith and Rutherford",Baking Powder
Cremin Inc,Baking Powder
"Kling, Luettgen and Jast",Baking Powder
Leffler-Huel,Baking Powder
Kulas LLC,Baking Powder
"Lubowitz, Prohaska and Reilly",Baking Powder
Blanda and Sons,Baking Powder
Blanda and Sons,Baking Powder
Medhurst-Trantow,Baking Powder
Ledner LLC,Baking Powder
Ledner LLC,Baking Powder
"Johnson, Watsica and Koch",Baking Powder
Breitenberg Group,Baking Powder
Heaney Inc,Baking Powder
"Hayes, Bins and Considine",Baking Powder
Pollich Inc,Baking Powder
Pollich Inc,Baking Powder
Feest-Bode,Baking Powder
"Sipes, Schamberger and Stokes",Baking Powder
"Kutch, Ryan and Boyer",Baking Powder
"Hane, Walker and Kirlin",Baking Powder
"Hane, Walker and Kirlin",Baking Powder
Schmeler-Renner,Baking Powder
"Kassulke, Rath and Upton",Baking Powder
Lowe-McCullough,Baking Powder
Wolff-Cartwright,Baking Powder
Wolff-Cartwright,Baking Powder
Blick-Bartell,Baking Powder
Blick-Bartell,Baking Powder
Blick-Bartell,Baking Powder
Berge-Parker,Baking Powder
Rempel and Sons,Baking Powder
Fadel-Jast,Baking Powder
Cruickshank-Franecki,Baking Powder
Cruickshank-Franecki,Baking Powder
Cole Group,Baking Powder
Bosco-Bayer,Baking Powder
Reilly-Ebert,Baking Powder
"Murazik, Hauck and Hodkiewicz",Baking Powder
"Murazik, Hauck and Hodkiewicz",Baking Powder
"Cummings, O'Hara and Casper",Baking Powder
"Murphy, Swift and Feest",Baking Powder
Bahringer LLC,Baking Powder
Bahringer LLC,Baking Powder
Kunze Inc,Baking Powder
Deckow-Kihn,Baking Powder
Nienow LLC,Baking Powder
Nienow LLC,Baking Powder
Skiles Group,Baking Powder
"Koelpin, Hoppe and Corwin",Baking Powder
"Herman, Considine and Senger",Baking Powder
"Feest, Sporer and Bosco",Baking Powder
Ward-Heller,Baking Powder
Schiller Group,Baking Powder
Schiller Group,Baking Powder
Schiller Group,Baking Powder
White-Stroman,Baking Powder
White-Stroman,Baking Powder
"Hodkiewicz, Luettgen and Stoltenberg",Baking Powder
"Hodkiewicz, Luettgen and Stoltenberg",Baking Powder
Franecki Group,Baking Powder
"Ernser, Champlin and Halvorson",Baking Powder
"Ernser, Champlin and Halvorson",Baking Powder
"Ernser, Champlin and Halvorson",Baking Powder
"Willms, Larson and Herzog",Baking Powder
Grant-Hand,Baking Powder
"Funk, Morar and Rodriguez",Baking Powder
"Funk, Morar and Rodriguez",Baking Powder
Kuhn-Dach,Baking Powder
Dare LLC,Bean Sprouts
"VonRueden, Baumbach and Blick",Bean Sprouts
Schmitt-Reichert,Bean Sprouts
Koelpin-Feeney,Bean Sprouts
"Ondricka, Smith and Rutherford",Bean Sprouts
"Kling, Luettgen and Jast",Bean Sprouts
"Lindgren, Willms and MacGyver",Bean Sprouts
Blanda and Sons,Bean Sprouts
Ledner LLC,Bean Sprouts
Ledner LLC,Bean Sprouts
Langosh-Franecki,Bean Sprouts
Feest-Bode,Bean Sprouts
"Fritsch, Hegmann and Mueller",Bean Sprouts
Wolff-Cartwright,Bean Sprouts
Cruickshank-Franecki,Bean Sprouts
Bosco-Bayer,Bean Sprouts
Reilly-Ebert,Bean Sprouts
"Cummings, O'Hara and Casper",Bean Sprouts
"Murphy, Swift and Feest",Bean Sprouts
"Murphy, Swift and Feest",Bean Sprouts
"Murphy, Swift and Feest",Bean Sprouts
Kunze Inc,Bean Sprouts
Nienow LLC,Bean Sprouts
Nienow LLC,Bean Sprouts
Sporer Group,Bean Sprouts
Schaden LLC,Bean Sprouts
Ward-Heller,Bean Sprouts
Goldner LLC,Bean Sprouts
Franecki Group,Bean Sprouts
"Ernser, Champlin and Halvorson",Bean Sprouts
"Ernser, Champlin and Halvorson",Bean Sprouts
"Hayes, Koelpin and Smitham",Bean Sprouts
"Funk, Morar and Rodriguez",Bean Sprouts
Kuhn-Dach,Bean Sprouts
Dare LLC,Beef
Dare LLC,Beef
"VonRueden, Baumbach and Blick",Beef
Murray LLC,Beef
Koelpin-Feeney,Beef
Hyatt Inc,Beef
"Ondricka, Smith and Rutherford",Beef
"Lindgren, Willms and MacGyver",Beef
Leffler-Huel,Beef
Blanda and Sons,Beef
Medhurst-Trantow,Beef
Ledner LLC,Beef
Breitenberg Group,Beef
Breitenberg Group,Beef
Heidenreich-Hagenes,Beef
"Hayes, Bins and Considine",Beef
Pollich Inc,Beef
"Sipes, Schamberger and Stokes",Beef
"Fritsch, Hegmann and Mueller",Beef
"Kutch, Ryan and Boyer",Beef
"Hane, Walker and Kirlin",Beef
Schmeler-Renner,Beef
"Kassulke, Rath and Upton",Beef
Zieme Inc,Beef
Wolff-Cartwright,Beef
"Leannon, Cassin and Trantow",Beef
Blick-Bartell,Beef
Berge-Parker,Beef
Berge-Parker,Beef
Labadie-Runolfsson,Beef
"Murphy, Swift and Feest",Beef
Kunze Inc,Beef
Deckow-Kihn,Beef
Nienow LLC,Beef
Nienow LLC,Beef
"Herman, Considine and Senger",Beef
Braun-Wunsch,Beef
"Schinner, Sauer and Powlowski",Beef
"Schinner, Sauer and Powlowski",Beef
Lockman-Wintheiser,Beef
Ward-Heller,Beef
Schiller Group,Beef
"Hodkiewicz, Luettgen and Stoltenberg",Beef
Goldner LLC,Beef
Franecki Group,Beef
Grant-Hand,Beef
"Funk, Morar and Rodriguez",Beef
"Funk, Morar and Rodriguez",Beef
"Pfeffer, Macejkovic and Batz",Berries
Schmitt-Reichert,Berries
"Ondricka, Smith and Rutherford",Berries
Cremin Inc,Berries
Kulas LLC,Berries
Blanda and Sons,Berries
Medhurst-Trantow,Berries
Ledner LLC,Berries
"Mohr, Cartwright and Hoppe",Berries
"Hayes, Bins and Considine",Berries
Pollich Inc,Berries
Kiehn Group,Berries
Kiehn Group,Berries
Langosh-Franecki,Berries
"Kassulke, Rath and Upton",Berries
Lowe-McCullough,Berries
Blick-Bartell,Berries
Fadel-Jast,Berries
"Pagac, Simonis and Cole",Berries
"Murazik, Hauck and Hodkiewicz",Berries
Feil LLC,Berries
Deckow-Kihn,Berries
"Becker, Considine and Koelpin",Berries
Altenwerth and Sons,Berries
Heaney - Robel and Witting,Berries
Braun-Wunsch,Berries
Champlin-Kemmer,Berries
White-Stroman,Berries
"Hodkiewicz, Luettgen and Stoltenberg",Berries
Goldner LLC,Berries
"Hayes, Koelpin and Smitham",Berries
"Funk, Morar and Rodriguez",Berries
"Funk, Morar and Rodriguez",Berries
"Dare, Hoppe and Moore",Black Eyed Beans
Dietrich Inc,Black Eyed Beans
Dare LLC,Black Eyed Beans
"VonRueden, Baumbach and Blick",Black Eyed Beans
"Ondricka, Smith and Rutherford",Black Eyed Beans
"Lindgren, Willms and MacGyver",Black Eyed Beans
Botsford Inc,Black Eyed Beans
Botsford Inc,Black Eyed Beans
Blanda and Sons,Black Eyed Beans
Blanda and Sons,Black Eyed Beans
Medhurst-Trantow,Black Eyed Beans
Ledner LLC,Black Eyed Beans
"Purdy, Weimann and Carroll",Black Eyed Beans
"Johnson, Watsica and Koch",Black Eyed Beans
"Johnson, Watsica and Koch",Black Eyed Beans
"Mohr, Cartwright and Hoppe",Black Eyed Beans
Breitenberg Group,Black Eyed Beans
Heidenreich-Hagenes,Black Eyed Beans
"Hayes, Bins and Considine",Black Eyed Beans
"Hayes, Bins and Considine",Black Eyed Beans
Pollich Inc,Black Eyed Beans
Langosh-Franecki,Black Eyed Beans
Rogahn-Crist,Black Eyed Beans
"Sipes, Schamberger and Stokes",Black Eyed Beans
Schmeler-Renner,Black Eyed Beans
Schmeler-Renner,Black Eyed Beans
"Kassulke, Rath and Upton",Black Eyed Beans
Wolff-Cartwright,Black Eyed Beans
"Leannon, Cassin and Trantow",Black Eyed Beans
Blick-Bartell,Black Eyed Beans
Fadel-Jast,Black Eyed Beans
Labadie-Runolfsson,Black Eyed Beans
Labadie-Runolfsson,Black Eyed Beans
Reilly-Ebert,Black Eyed Beans
Leffler-Aufderhar,Black Eyed Beans
Bruen-Jaskolski,Black Eyed Beans
"Murphy, Swift and Feest",Black Eyed Beans
"Murphy, Swift and Feest",Black Eyed Beans
Kunze Inc,Black Eyed Beans
Deckow-Kihn,Black Eyed Beans
Deckow-Kihn,Black Eyed Beans
"Becker, Considine and Koelpin",Black Eyed Beans
Nienow LLC,Black Eyed Beans
Nienow LLC,Black Eyed Beans
"Koelpin, Hoppe and Corwin",Black Eyed Beans
"Koelpin, Hoppe and Corwin",Black Eyed Beans
"Aufderhar, Mosciski and Smith",Black Eyed Beans
Heaney - Robel and Witting,Black Eyed Beans
Heaney - Robel and Witting,Black Eyed Beans
Heaney - Robel and Witting,Black Eyed Beans
Schaden LLC,Black Eyed Beans
Schaden LLC,Black Eyed Beans
"Schinner, Sauer and Powlowski",Black Eyed Beans
Ward-Heller,Black Eyed Beans
White-Stroman,Black Eyed Beans
"Hodkiewicz, Luettgen and Stoltenberg",Black Eyed Beans
Goldner LLC,Black Eyed Beans
Hegmann Inc,Black Eyed Beans
"Ernser, Champlin and Halvorson",Black Eyed Beans
Grant-Hand,Black Eyed Beans
"Funk, Morar and Rodriguez",Black Eyed Beans
"Funk, Morar and Rodriguez",Black Eyed Beans
Dare LLC,Bonza
"VonRueden, Baumbach and Blick",Bonza
Koelpin-Feeney,Bonza
Hyatt Inc,Bonza
Cremin Inc,Bonza
"Lindgren, Willms and MacGyver",Bonza
"Lubowitz, Prohaska and Reilly",Bonza
Medhurst-Trantow,Bonza
Heidenreich-Hagenes,Bonza
Pollich Inc,Bonza
Pollich Inc,Bonza
"Sipes, Schamberger and Stokes",Bonza
"Fritsch, Hegmann and Mueller",Bonza
"Kutch, Ryan and Boyer",Bonza
"Hane, Walker and Kirlin",Bonza
Schmeler-Renner,Bonza
Lowe-McCullough,Bonza
Dickens-Ortiz,Bonza
"Leannon, Cassin and Trantow",Bonza
Blick-Bartell,Bonza
Schinner Group,Bonza
Rempel and Sons,Bonza
"Murazik, Hauck and Hodkiewicz",Bonza
"Cummings, O'Hara and Casper",Bonza
"Murphy, Swift and Feest",Bonza
Bahringer LLC,Bonza
Nienow LLC,Bonza
Skiles Group,Bonza
Sporer Group,Bonza
"Koelpin, Hoppe and Corwin",Bonza
"Herman, Considine and Senger",Bonza
Braun-Wunsch,Bonza
"Schinner, Sauer and Powlowski",Bonza
Lockman-Wintheiser,Bonza
"Feest, Sporer and Bosco",Bonza
"McCullough, Leannon and Nolan",Bonza
Goldner LLC,Bonza
Goldner LLC,Bonza
Franecki Group,Bonza
Franecki Group,Bonza
Franecki Group,Bonza
"Ernser, Champlin and Halvorson",Bonza
Kuhn-Dach,Bonza
Brown Group,Butter
"VonRueden, Baumbach and Blick",Butter
"Pfeffer, Macejkovic and Batz",Butter
Hyatt Inc,Butter
"Ondricka, Smith and Rutherford",Butter
Cremin Inc,Butter
"Lindgren, Willms and MacGyver",Butter
"Lubowitz, Prohaska and Reilly",Butter
"Lubowitz, Prohaska and Reilly",Butter
"Johnson, Watsica and Koch",Butter
Pollich Inc,Butter
Kerluke-Armstrong,Butter
Quigley-Braun,Butter
"Sipes, Schamberger and Stokes",Butter
"Hane, Walker and Kirlin",Butter
"Kassulke, Rath and Upton",Butter
Lowe-McCullough,Butter
Blick-Bartell,Butter
Cruickshank-Franecki,Butter
"Murazik, Hauck and Hodkiewicz",Butter
"Murazik, Hauck and Hodkiewicz",Butter
Leffler-Aufderhar,Butter
Bahringer LLC,Butter
Bahringer LLC,Butter
Skiles Group,Butter
Altenwerth and Sons,Butter
"Schinner, Sauer and Powlowski",Butter
"Feest, Sporer and Bosco",Butter
"Feest, Sporer and Bosco",Butter
Goldner LLC,Butter
"Ernser, Champlin and Halvorson",Butter
"Funk, Morar and Rodriguez",Butter
Hyatt Inc,Cacao
Quigley-Braun,Cacao
"Kassulke, Rath and Upton",Cacao
Cruickshank-Franecki,Cacao
"Murazik, Hauck and Hodkiewicz",Cacao
Bahringer LLC,Cacao
"Schinner, Sauer and Powlowski",Cacao
"Feest, Sporer and Bosco",Cacao
"Pfeffer, Macejkovic and Batz",Camomile
Schmitt-Reichert,Camomile
Hyatt Inc,Camomile
Cremin Inc,Camomile
"Kling, Luettgen and Jast",Camomile
Kulas LLC,Camomile
Botsford Inc,Camomile
Blanda and Sons,Camomile
Medhurst-Trantow,Camomile
"Purdy, Weimann and Carroll",Camomile
Heaney Inc,Camomile
Heidenreich-Hagenes,Camomile
"Hayes, Bins and Considine",Camomile
Kiehn Group,Camomile
"Sipes, Schamberger and Stokes",Camomile
Dickens-Ortiz,Camomile
Wolff-Cartwright,Camomile
Berge-Parker,Camomile
Rempel and Sons,Camomile
Cole Group,Camomile
Cole Group,Camomile
Reilly-Ebert,Camomile
"Murazik, Hauck and Hodkiewicz",Camomile
Feil LLC,Camomile
Bruen-Jaskolski,Camomile
"Koelpin, Hoppe and Corwin",Camomile
"Aufderhar, Mosciski and Smith",Camomile
Champlin-Kemmer,Camomile
White-Stroman,Camomile
"Hodkiewicz, Luettgen and Stoltenberg",Camomile
Goldner LLC,Camomile
Hegmann Inc,Camomile
Hegmann Inc,Camomile
"Hayes, Koelpin and Smitham",Camomile
"Funk, Morar and Rodriguez",Camomile
Kuhn-Dach,Camomile
Botsford Inc,Canola Oil
"Johnson, Watsica and Koch",Canola Oil
"Mohr, Cartwright and Hoppe",Canola Oil
Heidenreich-Hagenes,Canola Oil
Heidenreich-Hagenes,Canola Oil
Pollich Inc,Canola Oil
Kiehn Group,Canola Oil
Schmeler-Renner,Canola Oil
Lowe-McCullough,Canola Oil
Zieme Inc,Canola Oil
Berge-Parker,Canola Oil
"Murazik, Hauck and Hodkiewicz",Canola Oil
Leffler-Aufderhar,Canola Oil
"Cummings, O'Hara and Casper",Canola Oil
Bruen-Jaskolski,Canola Oil
"Becker, Considine and Koelpin",Canola Oil
"Aufderhar, Mosciski and Smith",Canola Oil
Heaney - Robel and Witting,Canola Oil
Braun-Wunsch,Canola Oil
"McCullough, Leannon and Nolan",Canola Oil
"Dare, Hoppe and Moore",Cardamom
"Pfeffer, Macejkovic and Batz",Cardamom
Schmitt-Reichert,Cardamom
Cremin Inc,Cardamom
Kulas LLC,Cardamom
"Lubowitz, Prohaska and Reilly",Cardamom
Botsford Inc,Cardamom
"Hayes, Bins and Considine",Cardamom
Langosh-Franecki,Cardamom
Langosh-Franecki,Cardamom
Schmeler-Renner,Cardamom
Lowe-McCullough,Cardamom
Fadel-Jast,Cardamom
Feil LLC,Cardamom
Kunze Inc,Cardamom
Skiles Group,Cardamom
"Koelpin, Hoppe and Corwin",Cardamom
"Aufderhar, Mosciski and Smith",Cardamom
Heaney - Robel and Witting,Cardamom
Schaden LLC,Cardamom
White-Stroman,Cardamom
"Hodkiewicz, Luettgen and Stoltenberg",Cardamom
Hegmann Inc,Cardamom
Murray LLC,Cauliflower
"Lubowitz, Prohaska and Reilly",Cauliflower
Torp LLC,Cauliflower
"Fritsch, Hegmann and Mueller",Cauliflower
Zieme Inc,Cauliflower
Blick-Bartell,Cauliflower
Leffler-Aufderhar,Cauliflower
"Medhurst, Streich and Schamberger",Cauliflower
"Medhurst, Streich and Schamberger",Cauliflower
Sporer Group,Cauliflower
"Aufderhar, Mosciski and Smith",Cauliflower
"Herman, Considine and Senger",Cauliflower
"Schinner, Sauer and Powlowski",Cauliflower
Lockman-Wintheiser,Cauliflower
"Hodkiewicz, Luettgen and Stoltenberg",Cauliflower
"Dare, Hoppe and Moore",Chia Seeds
"VonRueden, Baumbach and Blick",Chia Seeds
Murray LLC,Chia Seeds
"Pfeffer, Macejkovic and Batz",Chia Seeds
Schmitt-Reichert,Chia Seeds
Kulas LLC,Chia Seeds
"Lubowitz, Prohaska and Reilly",Chia Seeds
Botsford Inc,Chia Seeds
Torp LLC,Chia Seeds
Breitenberg Group,Chia Seeds
Kerluke-Armstrong,Chia Seeds
"Sipes, Schamberger and Stokes",Chia Seeds
"Kutch, Ryan and Boyer",Chia Seeds
Lowe-McCullough,Chia Seeds
Blick-Bartell,Chia Seeds
Labadie-Runolfsson,Chia Seeds
Labadie-Runolfsson,Chia Seeds
Feil LLC,Chia Seeds
"Medhurst, Streich and Schamberger",Chia Seeds
Kunze Inc,Chia Seeds
Kunze Inc,Chia Seeds
Nienow LLC,Chia Seeds
Skiles Group,Chia Seeds
"Aufderhar, Mosciski and Smith",Chia Seeds
"Schinner, Sauer and Powlowski",Chia Seeds
Ward-Heller,Chia Seeds
"Hodkiewicz, Luettgen and Stoltenberg",Chia Seeds
Grant-Hand,Chia Seeds
"Funk, Morar and Rodriguez",Chia Seeds
Murray LLC,Chives
Leffler-Huel,Chives
Ledner LLC,Chives
"Fritsch, Hegmann and Mueller",Chives
Bosco-Bayer,Chives
Leffler-Aufderhar,Chives
"Medhurst, Streich and Schamberger",Chives
"Schinner, Sauer and Powlowski",Chives
"Pfeffer, Macejkovic and Batz",Cinnamon
Medhurst-Trantow,Cinnamon
Heidenreich-Hagenes,Cinnamon
Kiehn Group,Cinnamon
Wolff-Cartwright,Cinnamon
Schinner Group,Cinnamon
Sporer Group,Cinnamon
Braun-Wunsch,Cinnamon
"Feest, Sporer and Bosco",Cinnamon
Goldner LLC,Cinnamon
"Hayes, Koelpin and Smitham",Cinnamon
"Funk, Morar and Rodriguez",Cinnamon
"Kling, Luettgen and Jast",Coriander Leaves
Rogahn-Crist,Coriander Leaves
Quigley-Braun,Coriander Leaves
Berge-Parker,Coriander Leaves
"Herman, Considine and Senger",Coriander Leaves
Kuhn-Dach,Coriander Leaves
Dietrich Inc,Corn Oil
Brown Group,Corn Oil
Dare LLC,Corn Oil
Murray LLC,Corn Oil
Murray LLC,Corn Oil
Hyatt Inc,Corn Oil
"Ondricka, Smith and Rutherford",Corn Oil
"Lindgren, Willms and MacGyver",Corn Oil
Leffler-Huel,Corn Oil
Botsford Inc,Corn Oil
"Johnson, Watsica and Koch",Corn Oil
Breitenberg Group,Corn Oil
Heidenreich-Hagenes,Corn Oil
Kiehn Group,Corn Oil
Kerluke-Armstrong,Corn Oil
Quigley-Braun,Corn Oil
"Fritsch, Hegmann and Mueller",Corn Oil
"Hane, Walker and Kirlin",Corn Oil
Schmeler-Renner,Corn Oil
Schmeler-Renner,Corn Oil
"Kassulke, Rath and Upton",Corn Oil
Dickens-Ortiz,Corn Oil
Wolff-Cartwright,Corn Oil
Berge-Parker,Corn Oil
Rempel and Sons,Corn Oil
Cruickshank-Franecki,Corn Oil
Labadie-Runolfsson,Corn Oil
"Murazik, Hauck and Hodkiewicz",Corn Oil
Leffler-Aufderhar,Corn Oil
Leffler-Aufderhar,Corn Oil
Leffler-Aufderhar,Corn Oil
Bruen-Jaskolski,Corn Oil
"Medhurst, Streich and Schamberger",Corn Oil
Bahringer LLC,Corn Oil
"Koelpin, Hoppe and Corwin",Corn Oil
"Aufderhar, Mosciski and Smith",Corn Oil
Heaney - Robel and Witting,Corn Oil
"Schinner, Sauer and Powlowski",Corn Oil
"Schinner, Sauer and Powlowski",Corn Oil
Lockman-Wintheiser,Corn Oil
"Feest, Sporer and Bosco",Corn Oil
Schiller Group,Corn Oil
"McCullough, Leannon and Nolan",Corn Oil
Franecki Group,Corn Oil
"Ernser, Champlin and Halvorson",Corn Oil
Grant-Hand,Corn Oil
Kuhn-Dach,Corn Oil
"Dare, Hoppe and Moore",Cornmeal
"Dare, Hoppe and Moore",Cornmeal
"VonRueden, Baumbach and Blick",Cornmeal
Murray LLC,Cornmeal
"Lubowitz, Prohaska and Reilly",Cornmeal
Torp LLC,Cornmeal
"Mohr, Cartwright and Hoppe",Cornmeal
Pollich Inc,Cornmeal
Kiehn Group,Cornmeal
Kiehn Group,Cornmeal
Kerluke-Armstrong,Cornmeal
Quigley-Braun,Cornmeal
Lowe-McCullough,Cornmeal
Zieme Inc,Cornmeal
Blick-Bartell,Cornmeal
Blick-Bartell,Cornmeal
Cole Group,Cornmeal
"Murazik, Hauck and Hodkiewicz",Cornmeal
"Medhurst, Streich and Schamberger",Cornmeal
"Medhurst, Streich and Schamberger",Cornmeal
"Becker, Considine and Koelpin",Cornmeal
"Becker, Considine and Koelpin",Cornmeal
Nienow LLC,Cornmeal
Skiles Group,Cornmeal
Sporer Group,Cornmeal
"Aufderhar, Mosciski and Smith",Cornmeal
"Herman, Considine and Senger",Cornmeal
Braun-Wunsch,Cornmeal
Lockman-Wintheiser,Cornmeal
"Hodkiewicz, Luettgen and Stoltenberg",Cornmeal
"McCullough, Leannon and Nolan",Cornmeal
Hintz Group,Cornmeal
Goldner LLC,Cornmeal
Grant-Hand,Cornmeal
Grant-Hand,Cornmeal
Brown Group,Cottage Cheese
Schmitt-Reichert,Cottage Cheese
Kulas LLC,Cottage Cheese
Medhurst-Trantow,Cottage Cheese
Kiehn Group,Cottage Cheese
Langosh-Franecki,Cottage Cheese
Quigley-Braun,Cottage Cheese
Schmeler-Renner,Cottage Cheese
"Kassulke, Rath and Upton",Cottage Cheese
Dickens-Ortiz,Cottage Cheese
"Leannon, Cassin and Trantow",Cottage Cheese
"Leannon, Cassin and Trantow",Cottage Cheese
Schinner Group,Cottage Cheese
Rempel and Sons,Cottage Cheese
"Pagac, Simonis and Cole",Cottage Cheese
Feil LLC,Cottage Cheese
"Cummings, O'Hara and Casper",Cottage Cheese
Bruen-Jaskolski,Cottage Cheese
"Medhurst, Streich and Schamberger",Cottage Cheese
"Becker, Considine and Koelpin",Cottage Cheese
Sporer Group,Cottage Cheese
"Koelpin, Hoppe and Corwin",Cottage Cheese
Altenwerth and Sons,Cottage Cheese
Heaney - Robel and Witting,Cottage Cheese
Braun-Wunsch,Cottage Cheese
Lockman-Wintheiser,Cottage Cheese
Champlin-Kemmer,Cottage Cheese
White-Stroman,Cottage Cheese
"McCullough, Leannon and Nolan",Cottage Cheese
Hintz Group,Cottage Cheese
Hintz Group,Cottage Cheese
Goldner LLC,Cottage Cheese
Hegmann Inc,Cottage Cheese
Franecki Group,Cottage Cheese
Franecki Group,Cottage Cheese
"Willms, Larson and Herzog",Cottage Cheese
"Willms, Larson and Herzog",Cottage Cheese
Kuhn-Dach,Cottage Cheese
"Dare, Hoppe and Moore",Cream Cheese
"Pfeffer, Macejkovic and Batz",Cream Cheese
Schmitt-Reichert,Cream Cheese
Schmitt-Reichert,Cream Cheese
Hyatt Inc,Cream Cheese
"Ondricka, Smith and Rutherford",Cream Cheese
Cremin Inc,Cream Cheese
"Kling, Luettgen and Jast",Cream Cheese
Kulas LLC,Cream Cheese
"Lubowitz, Prohaska and Reilly",Cream Cheese
"Lubowitz, Prohaska and Reilly",Cream Cheese
Botsford Inc,Cream Cheese
Torp LLC,Cream Cheese
Ledner LLC,Cream Cheese
"Mohr, Cartwright and Hoppe",Cream Cheese
Heidenreich-Hagenes,Cream Cheese
Pollich Inc,Cream Cheese
Pollich Inc,Cream Cheese
Kiehn Group,Cream Cheese
Feest-Bode,Cream Cheese
Quigley-Braun,Cream Cheese
"Sipes, Schamberger and Stokes",Cream Cheese
"Kutch, Ryan and Boyer",Cream Cheese
"Hane, Walker and Kirlin",Cream Cheese
"Kassulke, Rath and Upton",Cream Cheese
Lowe-McCullough,Cream Cheese
Lowe-McCullough,Cream Cheese
Lowe-McCullough,Cream Cheese
Wolff-Cartwright,Cream Cheese
Wolff-Cartwright,Cream Cheese
Blick-Bartell,Cream Cheese
Schinner Group,Cream Cheese
Cruickshank-Franecki,Cream Cheese
Cruickshank-Franecki,Cream Cheese
Labadie-Runolfsson,Cream Cheese
Bosco-Bayer,Cream Cheese
Reilly-Ebert,Cream Cheese
"Murazik, Hauck and Hodkiewicz",Cream Cheese
"Murazik, Hauck and Hodkiewicz",Cream Cheese
"Murazik, Hauck and Hodkiewicz",Cream Cheese
Feil LLC,Cream Cheese
"Cummings, O'Hara and Casper",Cream Cheese
"Murphy, Swift and Feest",Cream Cheese
Bahringer LLC,Cream Cheese
Bahringer LLC,Cream Cheese
Kunze Inc,Cream Cheese
"Becker, Considine and Koelpin",Cream Cheese
Nienow LLC,Cream Cheese
Skiles Group,Cream Cheese
Skiles Group,Cream Cheese
Sporer Group,Cream Cheese
"Aufderhar, Mosciski and Smith",Cream Cheese
Braun-Wunsch,Cream Cheese
Braun-Wunsch,Cream Cheese
"Schinner, Sauer and Powlowski",Cream Cheese
"Feest, Sporer and Bosco",Cream Cheese
"Feest, Sporer and Bosco",Cream Cheese
"Feest, Sporer and Bosco",Cream Cheese
Ward-Heller,Cream Cheese
"Hodkiewicz, Luettgen and Stoltenberg",Cream Cheese
Franecki Group,Cream Cheese
"Ernser, Champlin and Halvorson",Cream Cheese
"Ernser, Champlin and Halvorson",Cream Cheese
"Funk, Morar and Rodriguez",Cream Cheese
Medhurst-Trantow,Curry Powder
"Purdy, Weimann and Carroll",Curry Powder
"Mohr, Cartwright and Hoppe",Curry Powder
Rogahn-Crist,Curry Powder
Wolff-Cartwright,Curry Powder
"Leannon, Cassin and Trantow",Curry Powder
Berge-Parker,Curry Powder
Labadie-Runolfsson,Curry Powder
Reilly-Ebert,Curry Powder
"Becker, Considine and Koelpin",Curry Powder
Grant-Hand,Curry Powder
"Dare, Hoppe and Moore",Dried Apricots
Brown Group,Dried Apricots
"Pfeffer, Macejkovic and Batz",Dried Apricots
Hyatt Inc,Dried Apricots
Torp LLC,Dried Apricots
Heaney Inc,Dried Apricots
"Kutch, Ryan and Boyer",Dried Apricots
Dickens-Ortiz,Dried Apricots
Rempel and Sons,Dried Apricots
Fadel-Jast,Dried Apricots
Labadie-Runolfsson,Dried Apricots
"Murphy, Swift and Feest",Dried Apricots
"Koelpin, Hoppe and Corwin",Dried Apricots
Altenwerth and Sons,Dried Apricots
Lockman-Wintheiser,Dried Apricots
"McCullough, Leannon and Nolan",Dried Apricots
Hegmann Inc,Dried Apricots
Franecki Group,Dried Apricots
Kuhn-Dach,Dried Apricots
Koelpin-Feeney,Elderberry
Hyatt Inc,Elderberry
"Kling, Luettgen and Jast",Elderberry
Leffler-Huel,Elderberry
Torp LLC,Elderberry
Medhurst-Trantow,Elderberry
Ledner LLC,Elderberry
Heidenreich-Hagenes,Elderberry
Pollich Inc,Elderberry
Rogahn-Crist,Elderberry
Quigley-Braun,Elderberry
"Fritsch, Hegmann and Mueller",Elderberry
"Kutch, Ryan and Boyer",Elderberry
"Kutch, Ryan and Boyer",Elderberry
Zieme Inc,Elderberry
"Leannon, Cassin and Trantow",Elderberry
Berge-Parker,Elderberry
Labadie-Runolfsson,Elderberry
Bosco-Bayer,Elderberry
"Herman, Considine and Senger",Elderberry
"Herman, Considine and Senger",Elderberry
Braun-Wunsch,Elderberry
"Schinner, Sauer and Powlowski",Elderberry
Lockman-Wintheiser,Elderberry
Franecki Group,Elderberry
Kuhn-Dach,Elderberry
"Kling, Luettgen and Jast",English Spinach
Rogahn-Crist,English Spinach
Quigley-Braun,English Spinach
"Herman, Considine and Senger",English Spinach
Kuhn-Dach,English Spinach
"Dare, Hoppe and Moore",Extra Virgin Olive Oil
"VonRueden, Baumbach and Blick",Extra Virgin Olive Oil
Murray LLC,Extra Virgin Olive Oil
Koelpin-Feeney,Extra Virgin Olive Oil
Kulas LLC,Extra Virgin Olive Oil
Blanda and Sons,Extra Virgin Olive Oil
Ledner LLC,Extra Virgin Olive Oil
Langosh-Franecki,Extra Virgin Olive Oil
Kerluke-Armstrong,Extra Virgin Olive Oil
"Fritsch, Hegmann and Mueller",Extra Virgin Olive Oil
Blick-Bartell,Extra Virgin Olive Oil
Cole Group,Extra Virgin Olive Oil
"Murphy, Swift and Feest",Extra Virgin Olive Oil
"Medhurst, Streich and Schamberger",Extra Virgin Olive Oil
Bahringer LLC,Extra Virgin Olive Oil
Kunze Inc,Extra Virgin Olive Oil
Sporer Group,Extra Virgin Olive Oil
Schaden LLC,Extra Virgin Olive Oil
Schiller Group,Extra Virgin Olive Oil
White-Stroman,Extra Virgin Olive Oil
"Ernser, Champlin and Halvorson",Extra Virgin Olive Oil
Grant-Hand,Extra Virgin Olive Oil
"Hayes, Koelpin and Smitham",Extra Virgin Olive Oil
Kuhn-Dach,Extra Virgin Olive Oil
Kuhn-Dach,Extra Virgin Olive Oil
"Ondricka, Smith and Rutherford",Feta
Blanda and Sons,Feta
Medhurst-Trantow,Feta
Ledner LLC,Feta
"Purdy, Weimann and Carroll",Feta
"Mohr, Cartwright and Hoppe",Feta
"Hayes, Bins and Considine",Feta
Rogahn-Crist,Feta
"Kassulke, Rath and Upton",Feta
Wolff-Cartwright,Feta
"Leannon, Cassin and Trantow",Feta
Blick-Bartell,Feta
Labadie-Runolfsson,Feta
Reilly-Ebert,Feta
Deckow-Kihn,Feta
"Becker, Considine and Koelpin",Feta
"Hodkiewicz, Luettgen and Stoltenberg",Feta
Grant-Hand,Feta
"Funk, Morar and Rodriguez",Feta
Ledner LLC,Fingerlime
"Mohr, Cartwright and Hoppe",Fingerlime
Heidenreich-Hagenes,Fingerlime
Feest-Bode,Fingerlime
Quigley-Braun,Fingerlime
Zieme Inc,Fingerlime
Berge-Parker,Fingerlime
Leffler-Aufderhar,Fingerlime
"Cummings, O'Hara and Casper",Fingerlime
"Koelpin, Hoppe and Corwin",Fingerlime
Ward-Heller,Fingerlime
"McCullough, Leannon and Nolan",Fingerlime
"Hayes, Koelpin and Smitham",Fingerlime
Brown Group,Flat Mushrooms
"Johnson, Watsica and Koch",Flat Mushrooms
Breitenberg Group,Flat Mushrooms
Rogahn-Crist,Flat Mushrooms
"Hane, Walker and Kirlin",Flat Mushrooms
"Kassulke, Rath and Upton",Flat Mushrooms
Zieme Inc,Flat Mushrooms
Schinner Group,Flat Mushrooms
Berge-Parker,Flat Mushrooms
Rempel and Sons,Flat Mushrooms
Bosco-Bayer,Flat Mushrooms
"Aufderhar, Mosciski and Smith",Flat Mushrooms
"Herman, Considine and Senger",Flat Mushrooms
Lockman-Wintheiser,Flat Mushrooms
Champlin-Kemmer,Flat Mushrooms
Champlin-Kemmer,Flat Mushrooms
Brown Group,Flaxseed Oil
"Kling, Luettgen and Jast",Flaxseed Oil
Kulas LLC,Flaxseed Oil
Botsford Inc,Flaxseed Oil
Blanda and Sons,Flaxseed Oil
Ledner LLC,Flaxseed Oil
"Mohr, Cartwright and Hoppe",Flaxseed Oil
Heidenreich-Hagenes,Flaxseed Oil
"Hayes, Bins and Considine",Flaxseed Oil
Kiehn Group,Flaxseed Oil
Feest-Bode,Flaxseed Oil
Quigley-Braun,Flaxseed Oil
"Kassulke, Rath and Upton",Flaxseed Oil
"Leannon, Cassin and Trantow",Flaxseed Oil
Berge-Parker,Flaxseed Oil
Cole Group,Flaxseed Oil
Cole Group,Flaxseed Oil
Reilly-Ebert,Flaxseed Oil
"Murazik, Hauck and Hodkiewicz",Flaxseed Oil
Feil LLC,Flaxseed Oil
Leffler-Aufderhar,Flaxseed Oil
Bruen-Jaskolski,Flaxseed Oil
Bruen-Jaskolski,Flaxseed Oil
Bahringer LLC,Flaxseed Oil
"Becker, Considine and Koelpin",Flaxseed Oil
"Koelpin, Hoppe and Corwin",Flaxseed Oil
"Koelpin, Hoppe and Corwin",Flaxseed Oil
Braun-Wunsch,Flaxseed Oil
Ward-Heller,Flaxseed Oil
Schiller Group,Flaxseed Oil
White-Stroman,Flaxseed Oil
White-Stroman,Flaxseed Oil
Hintz Group,Flaxseed Oil
Hegmann Inc,Flaxseed Oil
"Willms, Larson and Herzog",Flaxseed Oil
"Hayes, Koelpin and Smitham",Flaxseed Oil
Kuhn-Dach,Flaxseed Oil
Dietrich Inc,Freekeh
Cremin Inc,Freekeh
Leffler-Huel,Freekeh
Botsford Inc,Freekeh
"Hayes, Bins and Considine",Freekeh
Langosh-Franecki,Freekeh
Schmeler-Renner,Freekeh
Zieme Inc,Freekeh
Dickens-Ortiz,Freekeh
Schinner Group,Freekeh
Schinner Group,Freekeh
Fadel-Jast,Freekeh
Fadel-Jast,Freekeh
Cole Group,Freekeh
"Pagac, Simonis and Cole",Freekeh
"Cummings, O'Hara and Casper",Freekeh
"Murphy, Swift and Feest",Freekeh
Deckow-Kihn,Freekeh
Sporer Group,Freekeh
Heaney - Robel and Witting,Freekeh
Heaney - Robel and Witting,Freekeh
Schaden LLC,Freekeh
Goldner LLC,Freekeh
Franecki Group,Freekeh
Brown Group,Green Tea Noodles
"VonRueden, Baumbach and Blick",Green Tea Noodles
"Pfeffer, Macejkovic and Batz",Green Tea Noodles
"Pfeffer, Macejkovic and Batz",Green Tea Noodles
Schmitt-Reichert,Green Tea Noodles
"Ondricka, Smith and Rutherford",Green Tea Noodles
Kulas LLC,Green Tea Noodles
"Lubowitz, Prohaska and Reilly",Green Tea Noodles
"Lubowitz, Prohaska and Reilly",Green Tea Noodles
Botsford Inc,Green Tea Noodles
"Johnson, Watsica and Koch",Green Tea Noodles
Lowe-McCullough,Green Tea Noodles
Feil LLC,Green Tea Noodles
Kunze Inc,Green Tea Noodles
Skiles Group,Green Tea Noodles
Altenwerth and Sons,Green Tea Noodles
"Aufderhar, Mosciski and Smith",Green Tea Noodles
"Hodkiewicz, Luettgen and Stoltenberg",Green Tea Noodles
Goldner LLC,Green Tea Noodles
"Funk, Morar and Rodriguez",Green Tea Noodles
Dietrich Inc,Ham
Brown Group,Ham
"Pfeffer, Macejkovic and Batz",Ham
Koelpin-Feeney,Ham
Hyatt Inc,Ham
"Ondricka, Smith and Rutherford",Ham
Botsford Inc,Ham
Heaney Inc,Ham
Kiehn Group,Ham
Kiehn Group,Ham
Feest-Bode,Ham
Quigley-Braun,Ham
"Sipes, Schamberger and Stokes",Ham
Zieme Inc,Ham
Labadie-Runolfsson,Ham
"Pagac, Simonis and Cole",Ham
Feil LLC,Ham
Bruen-Jaskolski,Ham
Deckow-Kihn,Ham
Deckow-Kihn,Ham
"Becker, Considine and Koelpin",Ham
Skiles Group,Ham
Schaden LLC,Ham
"McCullough, Leannon and Nolan",Ham
Hintz Group,Ham
"Ernser, Champlin and Halvorson",Ham
Grant-Hand,Ham
"Dare, Hoppe and Moore",Hokkien Noodles
Brown Group,Hokkien Noodles
"Pfeffer, Macejkovic and Batz",Hokkien Noodles
Hyatt Inc,Hokkien Noodles
Heaney Inc,Hokkien Noodles
"Hayes, Bins and Considine",Hokkien Noodles
Langosh-Franecki,Hokkien Noodles
Schmeler-Renner,Hokkien Noodles
Schmeler-Renner,Hokkien Noodles
Schinner Group,Hokkien Noodles
Fadel-Jast,Hokkien Noodles
"Cummings, O'Hara and Casper",Hokkien Noodles
"Murphy, Swift and Feest",Hokkien Noodles
Sporer Group,Hokkien Noodles
"Koelpin, Hoppe and Corwin",Hokkien Noodles
Altenwerth and Sons,Hokkien Noodles
Heaney - Robel and Witting,Hokkien Noodles
Schaden LLC,Hokkien Noodles
White-Stroman,Hokkien Noodles
Goldner LLC,Hokkien Noodles
Hegmann Inc,Hokkien Noodles
Hegmann Inc,Hokkien Noodles
Franecki Group,Hokkien Noodles
"Dare, Hoppe and Moore",Iceberg Lettuce
"VonRueden, Baumbach and Blick",Iceberg Lettuce
Murray LLC,Iceberg Lettuce
Kerluke-Armstrong,Iceberg Lettuce
Blick-Bartell,Iceberg Lettuce
"Medhurst, Streich and Schamberger",Iceberg Lettuce
Grant-Hand,Iceberg Lettuce
Dietrich Inc,Jasmine Rice
Botsford Inc,Jasmine Rice
Medhurst-Trantow,Jasmine Rice
"Purdy, Weimann and Carroll",Jasmine Rice
"Mohr, Cartwright and Hoppe",Jasmine Rice
Kiehn Group,Jasmine Rice
Rogahn-Crist,Jasmine Rice
Quigley-Braun,Jasmine Rice
Wolff-Cartwright,Jasmine Rice
"Leannon, Cassin and Trantow",Jasmine Rice
Labadie-Runolfsson,Jasmine Rice
Reilly-Ebert,Jasmine Rice
"Murphy, Swift and Feest",Jasmine Rice
Deckow-Kihn,Jasmine Rice
"Becker, Considine and Koelpin",Jasmine Rice
"Becker, Considine and Koelpin",Jasmine Rice
Heaney - Robel and Witting,Jasmine Rice
Schaden LLC,Jasmine Rice
"McCullough, Leannon and Nolan",Jasmine Rice
Hintz Group,Jasmine Rice
Grant-Hand,Jasmine Rice
Grant-Hand,Jasmine Rice
Dietrich Inc,Kidneys
Brown Group,Kidneys
"Pfeffer, Macejkovic and Batz",Kidneys
Hyatt Inc,Kidneys
"Ondricka, Smith and Rutherford",Kidneys
Leffler-Huel,Kidneys
Botsford Inc,Kidneys
Ledner LLC,Kidneys
Kiehn Group,Kidneys
Feest-Bode,Kidneys
"Sipes, Schamberger and Stokes",Kidneys
Labadie-Runolfsson,Kidneys
Bosco-Bayer,Kidneys
"Pagac, Simonis and Cole",Kidneys
Feil LLC,Kidneys
Bruen-Jaskolski,Kidneys
Deckow-Kihn,Kidneys
Skiles Group,Kidneys
"Ernser, Champlin and Halvorson",Kidneys
Brown Group,Kombu
"VonRueden, Baumbach and Blick",Kombu
Murray LLC,Kombu
"Pfeffer, Macejkovic and Batz",Kombu
"Pfeffer, Macejkovic and Batz",Kombu
Hyatt Inc,Kombu
Hyatt Inc,Kombu
"Lindgren, Willms and MacGyver",Kombu
Leffler-Huel,Kombu
Botsford Inc,Kombu
Ledner LLC,Kombu
"Purdy, Weimann and Carroll",Kombu
Heaney Inc,Kombu
Heaney Inc,Kombu
Kerluke-Armstrong,Kombu
Feest-Bode,Kombu
"Sipes, Schamberger and Stokes",Kombu
Rempel and Sons,Kombu
Fadel-Jast,Kombu
Cruickshank-Franecki,Kombu
Bosco-Bayer,Kombu
Bosco-Bayer,Kombu
"Pagac, Simonis and Cole",Kombu
"Murazik, Hauck and Hodkiewicz",Kombu
Feil LLC,Kombu
"Cummings, O'Hara and Casper",Kombu
Bruen-Jaskolski,Kombu
"Murphy, Swift and Feest",Kombu
Kunze Inc,Kombu
Deckow-Kihn,Kombu
Nienow LLC,Kombu
Skiles Group,Kombu
Altenwerth and Sons,Kombu
"Herman, Considine and Senger",Kombu
Hegmann Inc,Kombu
"Willms, Larson and Herzog",Kombu
"Dare, Hoppe and Moore",Loquats
Dare LLC,Loquats
Hyatt Inc,Loquats
"Kling, Luettgen and Jast",Loquats
"Lubowitz, Prohaska and Reilly",Loquats
Torp LLC,Loquats
Torp LLC,Loquats
"Purdy, Weimann and Carroll",Loquats
Heaney Inc,Loquats
Kiehn Group,Loquats
Feest-Bode,Loquats
Quigley-Braun,Loquats
"Sipes, Schamberger and Stokes",Loquats
"Kutch, Ryan and Boyer",Loquats
Dickens-Ortiz,Loquats
Berge-Parker,Loquats
Rempel and Sons,Loquats
Labadie-Runolfsson,Loquats
Feil LLC,Loquats
"Becker, Considine and Koelpin",Loquats
Sporer Group,Loquats
Altenwerth and Sons,Loquats
"Hodkiewicz, Luettgen and Stoltenberg",Loquats
"McCullough, Leannon and Nolan",Loquats
Hintz Group,Loquats
Hegmann Inc,Loquats
Grant-Hand,Loquats
"Pfeffer, Macejkovic and Batz",Lychees
Schmitt-Reichert,Lychees
Koelpin-Feeney,Lychees
Cremin Inc,Lychees
"Kling, Luettgen and Jast",Lychees
Kulas LLC,Lychees
"Lubowitz, Prohaska and Reilly",Lychees
Botsford Inc,Lychees
Botsford Inc,Lychees
Blanda and Sons,Lychees
Heaney Inc,Lychees
Heidenreich-Hagenes,Lychees
"Hayes, Bins and Considine",Lychees
Langosh-Franecki,Lychees
Lowe-McCullough,Lychees
Zieme Inc,Lychees
Fadel-Jast,Lychees
Cole Group,Lychees
Reilly-Ebert,Lychees
"Murazik, Hauck and Hodkiewicz",Lychees
Feil LLC,Lychees
Feil LLC,Lychees
Bruen-Jaskolski,Lychees
Kunze Inc,Lychees
Deckow-Kihn,Lychees
Skiles Group,Lychees
"Koelpin, Hoppe and Corwin",Lychees
"Aufderhar, Mosciski and Smith",Lychees
Schaden LLC,Lychees
White-Stroman,Lychees
"Hodkiewicz, Luettgen and Stoltenberg",Lychees
Hegmann Inc,Lychees
Dare LLC,Mahlab
"VonRueden, Baumbach and Blick",Mahlab
Murray LLC,Mahlab
"Lindgren, Willms and MacGyver",Mahlab
Medhurst-Trantow,Mahlab
"Mohr, Cartwright and Hoppe",Mahlab
Heaney Inc,Mahlab
Pollich Inc,Mahlab
Kiehn Group,Mahlab
Langosh-Franecki,Mahlab
Quigley-Braun,Mahlab
Lowe-McCullough,Mahlab
"Leannon, Cassin and Trantow",Mahlab
Rempel and Sons,Mahlab
Cruickshank-Franecki,Mahlab
"Murazik, Hauck and Hodkiewicz",Mahlab
"Murazik, Hauck and Hodkiewicz",Mahlab
"Murphy, Swift and Feest",Mahlab
"Medhurst, Streich and Schamberger",Mahlab
Kunze Inc,Mahlab
"Becker, Considine and Koelpin",Mahlab
Nienow LLC,Mahlab
Nienow LLC,Mahlab
"Herman, Considine and Senger",Mahlab
Braun-Wunsch,Mahlab
Hintz Group,Mahlab
Goldner LLC,Mahlab
Hegmann Inc,Mahlab
"Willms, Larson and Herzog",Mahlab
"Willms, Larson and Herzog",Mahlab
"Kling, Luettgen and Jast",Mastic
Botsford Inc,Mastic
Blanda and Sons,Mastic
Heidenreich-Hagenes,Mastic
"Hayes, Bins and Considine",Mastic
Cole Group,Mastic
Reilly-Ebert,Mastic
"Murazik, Hauck and Hodkiewicz",Mastic
Feil LLC,Mastic
Bruen-Jaskolski,Mastic
"Koelpin, Hoppe and Corwin",Mastic
White-Stroman,Mastic
Hegmann Inc,Mastic
Dietrich Inc,Nutritional Yeast
Brown Group,Nutritional Yeast
"Ondricka, Smith and Rutherford",Nutritional Yeast
"Johnson, Watsica and Koch",Nutritional Yeast
Breitenberg Group,Nutritional Yeast
Kiehn Group,Nutritional Yeast
Rogahn-Crist,Nutritional Yeast
"Sipes, Schamberger and Stokes",Nutritional Yeast
"Hane, Walker and Kirlin",Nutritional Yeast
Zieme Inc,Nutritional Yeast
Schinner Group,Nutritional Yeast
Berge-Parker,Nutritional Yeast
Labadie-Runolfsson,Nutritional Yeast
Labadie-Runolfsson,Nutritional Yeast
Kunze Inc,Nutritional Yeast
Nienow LLC,Nutritional Yeast
"Schinner, Sauer and Powlowski",Nutritional Yeast
Lockman-Wintheiser,Nutritional Yeast
Ward-Heller,Nutritional Yeast
Champlin-Kemmer,Nutritional Yeast
"Ernser, Champlin and Halvorson",Nutritional Yeast
"Funk, Morar and Rodriguez",Nutritional Yeast
Brown Group,Nuts
Schmitt-Reichert,Nuts
Schmitt-Reichert,Nuts
Koelpin-Feeney,Nuts
Cremin Inc,Nuts
Kulas LLC,Nuts
Kulas LLC,Nuts
Breitenberg Group,Nuts
Heaney Inc,Nuts
"Sipes, Schamberger and Stokes",Nuts
Schmeler-Renner,Nuts
"Kassulke, Rath and Upton",Nuts
Zieme Inc,Nuts
Wolff-Cartwright,Nuts
Schinner Group,Nuts
Rempel and Sons,Nuts
Cole Group,Nuts
Bosco-Bayer,Nuts
"Pagac, Simonis and Cole",Nuts
Feil LLC,Nuts
"Cummings, O'Hara and Casper",Nuts
Deckow-Kihn,Nuts
Sporer Group,Nuts
Altenwerth and Sons,Nuts
"Aufderhar, Mosciski and Smith",Nuts
"Aufderhar, Mosciski and Smith",Nuts
Heaney - Robel and Witting,Nuts
"Herman, Considine and Senger",Nuts
Schaden LLC,Nuts
Champlin-Kemmer,Nuts
Champlin-Kemmer,Nuts
Champlin-Kemmer,Nuts
White-Stroman,Nuts
Goldner LLC,Nuts
Franecki Group,Nuts
Kuhn-Dach,Nuts
Dietrich Inc,Oatmeal
Koelpin-Feeney,Oatmeal
Hyatt Inc,Oatmeal
"Kling, Luettgen and Jast",Oatmeal
Blanda and Sons,Oatmeal
Medhurst-Trantow,Oatmeal
Ledner LLC,Oatmeal
Langosh-Franecki,Oatmeal
Rogahn-Crist,Oatmeal
Quigley-Braun,Oatmeal
Quigley-Braun,Oatmeal
"Fritsch, Hegmann and Mueller",Oatmeal
"Kutch, Ryan and Boyer",Oatmeal
"Kassulke, Rath and Upton",Oatmeal
Blick-Bartell,Oatmeal
Cruickshank-Franecki,Oatmeal
"Murazik, Hauck and Hodkiewicz",Oatmeal
"Murphy, Swift and Feest",Oatmeal
Bahringer LLC,Oatmeal
Kunze Inc,Oatmeal
Sporer Group,Oatmeal
"Herman, Considine and Senger",Oatmeal
Schaden LLC,Oatmeal
"Schinner, Sauer and Powlowski",Oatmeal
"Feest, Sporer and Bosco",Oatmeal
Schiller Group,Oatmeal
White-Stroman,Oatmeal
"Hodkiewicz, Luettgen and Stoltenberg",Oatmeal
"Ernser, Champlin and Halvorson",Oatmeal
"Hayes, Koelpin and Smitham",Oatmeal
Kuhn-Dach,Oatmeal
Kuhn-Dach,Oatmeal
Koelpin-Feeney,Omega Spread
Heaney Inc,Omega Spread
Zieme Inc,Omega Spread
Dickens-Ortiz,Omega Spread
Rempel and Sons,Omega Spread
Deckow-Kihn,Omega Spread
"Koelpin, Hoppe and Corwin",Omega Spread
Schaden LLC,Omega Spread
Lockman-Wintheiser,Omega Spread
"McCullough, Leannon and Nolan",Omega Spread
Franecki Group,Omega Spread
Kuhn-Dach,Omega Spread
Dietrich Inc,Parsnip
Dietrich Inc,Parsnip
Brown Group,Parsnip
Brown Group,Parsnip
"VonRueden, Baumbach and Blick",Parsnip
"Pfeffer, Macejkovic and Batz",Parsnip
"Ondricka, Smith and Rutherford",Parsnip
"Ondricka, Smith and Rutherford",Parsnip
Leffler-Huel,Parsnip
"Lubowitz, Prohaska and Reilly",Parsnip
Botsford Inc,Parsnip
Medhurst-Trantow,Parsnip
"Johnson, Watsica and Koch",Parsnip
"Johnson, Watsica and Koch",Parsnip
Heidenreich-Hagenes,Parsnip
Heidenreich-Hagenes,Parsnip
"Hayes, Bins and Considine",Parsnip
Kiehn Group,Parsnip
"Kutch, Ryan and Boyer",Parsnip
Schmeler-Renner,Parsnip
Schmeler-Renner,Parsnip
Zieme Inc,Parsnip
Dickens-Ortiz,Parsnip
Wolff-Cartwright,Parsnip
Blick-Bartell,Parsnip
Schinner Group,Parsnip
Schinner Group,Parsnip
Schinner Group,Parsnip
Fadel-Jast,Parsnip
Labadie-Runolfsson,Parsnip
Cole Group,Parsnip
"Pagac, Simonis and Cole",Parsnip
Leffler-Aufderhar,Parsnip
"Cummings, O'Hara and Casper",Parsnip
Bruen-Jaskolski,Parsnip
Sporer Group,Parsnip
Sporer Group,Parsnip
Altenwerth and Sons,Parsnip
"Aufderhar, Mosciski and Smith",Parsnip
Heaney - Robel and Witting,Parsnip
Heaney - Robel and Witting,Parsnip
Braun-Wunsch,Parsnip
"Feest, Sporer and Bosco",Parsnip
Schiller Group,Parsnip
White-Stroman,Parsnip
"Hodkiewicz, Luettgen and Stoltenberg",Parsnip
Goldner LLC,Parsnip
Goldner LLC,Parsnip
Franecki Group,Parsnip
"Ernser, Champlin and Halvorson",Parsnip
"Funk, Morar and Rodriguez",Parsnip
"Dare, Hoppe and Moore",Pear Juice
Dare LLC,Pear Juice
Murray LLC,Pear Juice
Schmitt-Reichert,Pear Juice
"Ondricka, Smith and Rutherford",Pear Juice
"Kling, Luettgen and Jast",Pear Juice
Leffler-Huel,Pear Juice
Botsford Inc,Pear Juice
Ledner LLC,Pear Juice
"Johnson, Watsica and Koch",Pear Juice
Breitenberg Group,Pear Juice
Heidenreich-Hagenes,Pear Juice
Feest-Bode,Pear Juice
"Hane, Walker and Kirlin",Pear Juice
Schmeler-Renner,Pear Juice
Schmeler-Renner,Pear Juice
Wolff-Cartwright,Pear Juice
Wolff-Cartwright,Pear Juice
Berge-Parker,Pear Juice
Cruickshank-Franecki,Pear Juice
Cole Group,Pear Juice
Bosco-Bayer,Pear Juice
Reilly-Ebert,Pear Juice
Leffler-Aufderhar,Pear Juice
"Cummings, O'Hara and Casper",Pear Juice
Bruen-Jaskolski,Pear Juice
"Murphy, Swift and Feest",Pear Juice
Nienow LLC,Pear Juice
Nienow LLC,Pear Juice
Skiles Group,Pear Juice
"Aufderhar, Mosciski and Smith",Pear Juice
Heaney - Robel and Witting,Pear Juice
Ward-Heller,Pear Juice
Schiller Group,Pear Juice
Goldner LLC,Pear Juice
Franecki Group,Pear Juice
"Ernser, Champlin and Halvorson",Pear Juice
Grant-Hand,Pear Juice
"Funk, Morar and Rodriguez",Pear Juice
Dietrich Inc,Peas
Dietrich Inc,Peas
Brown Group,Peas
Brown Group,Peas
"Ondricka, Smith and Rutherford",Peas
Cremin Inc,Peas
Kulas LLC,Peas
"Lubowitz, Prohaska and Reilly",Peas
Medhurst-Trantow,Peas
"Johnson, Watsica and Koch",Peas
Breitenberg Group,Peas
Pollich Inc,Peas
Kiehn Group,Peas
Rogahn-Crist,Peas
"Sipes, Schamberger and Stokes",Peas
"Kutch, Ryan and Boyer",Peas
"Hane, Walker and Kirlin",Peas
"Hane, Walker and Kirlin",Peas
"Kassulke, Rath and Upton",Peas
Lowe-McCullough,Peas
Blick-Bartell,Peas
Blick-Bartell,Peas
Schinner Group,Peas
Rempel and Sons,Peas
Labadie-Runolfsson,Peas
Cole Group,Peas
Bosco-Bayer,Peas
"Murazik, Hauck and Hodkiewicz",Peas
Bahringer LLC,Peas
Bahringer LLC,Peas
Skiles Group,Peas
"Aufderhar, Mosciski and Smith",Peas
"Herman, Considine and Senger",Peas
"Feest, Sporer and Bosco",Peas
Schiller Group,Peas
Schiller Group,Peas
Champlin-Kemmer,Peas
Champlin-Kemmer,Peas
White-Stroman,Peas
White-Stroman,Peas
"Hodkiewicz, Luettgen and Stoltenberg",Peas
"Ernser, Champlin and Halvorson",Peas
"Ernser, Champlin and Halvorson",Peas
Kuhn-Dach,Peas
"Dare, Hoppe and Moore",Pecan Nut
Dare LLC,Pecan Nut
"VonRueden, Baumbach and Blick",Pecan Nut
Murray LLC,Pecan Nut
Murray LLC,Pecan Nut
Schmitt-Reichert,Pecan Nut
Cremin Inc,Pecan Nut
"Lindgren, Willms and MacGyver",Pecan Nut
Leffler-Huel,Pecan Nut
Kulas LLC,Pecan Nut
"Purdy, Weimann and Carroll",Pecan Nut
Breitenberg Group,Pecan Nut
Kiehn Group,Pecan Nut
Kerluke-Armstrong,Pecan Nut
Quigley-Braun,Pecan Nut
"Sipes, Schamberger and Stokes",Pecan Nut
"Fritsch, Hegmann and Mueller",Pecan Nut
"Hane, Walker and Kirlin",Pecan Nut
Schmeler-Renner,Pecan Nut
Zieme Inc,Pecan Nut
Wolff-Cartwright,Pecan Nut
Wolff-Cartwright,Pecan Nut
Berge-Parker,Pecan Nut
Berge-Parker,Pecan Nut
Berge-Parker,Pecan Nut
Cole Group,Pecan Nut
Bosco-Bayer,Pecan Nut
Leffler-Aufderhar,Pecan Nut
"Cummings, O'Hara and Casper",Pecan Nut
"Medhurst, Streich and Schamberger",Pecan Nut
"Becker, Considine and Koelpin",Pecan Nut
"Aufderhar, Mosciski and Smith",Pecan Nut
"Schinner, Sauer and Powlowski",Pecan Nut
Lockman-Wintheiser,Pecan Nut
Schiller Group,Pecan Nut
Champlin-Kemmer,Pecan Nut
"McCullough, Leannon and Nolan",Pecan Nut
Hintz Group,Pecan Nut
Grant-Hand,Pecan Nut
Grant-Hand,Pecan Nut
Kuhn-Dach,Pecan Nut
"Dare, Hoppe and Moore",Plums
Schmitt-Reichert,Plums
Cremin Inc,Plums
Kulas LLC,Plums
"Sipes, Schamberger and Stokes",Plums
Wolff-Cartwright,Plums
Cole Group,Plums
Cole Group,Plums
Nienow LLC,Plums
Skiles Group,Plums
"Aufderhar, Mosciski and Smith",Plums
Champlin-Kemmer,Plums
Goldner LLC,Plums
Kuhn-Dach,Plums
"Dare, Hoppe and Moore",Pork
Brown Group,Pork
Dare LLC,Pork
"VonRueden, Baumbach and Blick",Pork
"Pfeffer, Macejkovic and Batz",Pork
Schmitt-Reichert,Pork
"Ondricka, Smith and Rutherford",Pork
"Kling, Luettgen and Jast",Pork
Kulas LLC,Pork
"Lubowitz, Prohaska and Reilly",Pork
"Lubowitz, Prohaska and Reilly",Pork
Torp LLC,Pork
"Johnson, Watsica and Koch",Pork
Feest-Bode,Pork
"Sipes, Schamberger and Stokes",Pork
Zieme Inc,Pork
Dickens-Ortiz,Pork
Berge-Parker,Pork
Rempel and Sons,Pork
"Pagac, Simonis and Cole",Pork
Feil LLC,Pork
Feil LLC,Pork
Sporer Group,Pork
"Koelpin, Hoppe and Corwin",Pork
Altenwerth and Sons,Pork
Altenwerth and Sons,Pork
Altenwerth and Sons,Pork
Heaney - Robel and Witting,Pork
Lockman-Wintheiser,Pork
Lockman-Wintheiser,Pork
Champlin-Kemmer,Pork
White-Stroman,Pork
"McCullough, Leannon and Nolan",Pork
Goldner LLC,Pork
Franecki Group,Pork
"Funk, Morar and Rodriguez",Pork
Kuhn-Dach,Pork
"Dare, Hoppe and Moore",Provolone
"Dare, Hoppe and Moore",Provolone
Dare LLC,Provolone
"VonRueden, Baumbach and Blick",Provolone
Murray LLC,Provolone
Murray LLC,Provolone
"Pfeffer, Macejkovic and Batz",Provolone
Schmitt-Reichert,Provolone
Koelpin-Feeney,Provolone
"Kling, Luettgen and Jast",Provolone
Kulas LLC,Provolone
"Lubowitz, Prohaska and Reilly",Provolone
"Lubowitz, Prohaska and Reilly",Provolone
Botsford Inc,Provolone
Torp LLC,Provolone
Blanda and Sons,Provolone
Ledner LLC,Provolone
Heaney Inc,Provolone
Langosh-Franecki,Provolone
Kerluke-Armstrong,Provolone
Feest-Bode,Provolone
"Sipes, Schamberger and Stokes",Provolone
"Fritsch, Hegmann and Mueller",Provolone
Lowe-McCullough,Provolone
Blick-Bartell,Provolone
Rempel and Sons,Provolone
Cruickshank-Franecki,Provolone
"Murazik, Hauck and Hodkiewicz",Provolone
Feil LLC,Provolone
Feil LLC,Provolone
"Murphy, Swift and Feest",Provolone
"Medhurst, Streich and Schamberger",Provolone
Kunze Inc,Provolone
Kunze Inc,Provolone
Kunze Inc,Provolone
Nienow LLC,Provolone
Skiles Group,Provolone
Sporer Group,Provolone
Sporer Group,Provolone
Altenwerth and Sons,Provolone
"Aufderhar, Mosciski and Smith",Provolone
"Herman, Considine and Senger",Provolone
Schaden LLC,Provolone
"Hodkiewicz, Luettgen and Stoltenberg",Provolone
"Ernser, Champlin and Halvorson",Provolone
"Willms, Larson and Herzog",Provolone
Grant-Hand,Provolone
"Hayes, Koelpin and Smitham",Provolone
Kuhn-Dach,Provolone
Dietrich Inc,Red Cabbage
Botsford Inc,Red Cabbage
"Murphy, Swift and Feest",Red Cabbage
Deckow-Kihn,Red Cabbage
Heaney - Robel and Witting,Red Cabbage
Schaden LLC,Red Cabbage
Dietrich Inc,Redfish
"Pfeffer, Macejkovic and Batz",Redfish
Schmitt-Reichert,Redfish
Koelpin-Feeney,Redfish
Leffler-Huel,Redfish
Kulas LLC,Redfish
Medhurst-Trantow,Redfish
Medhurst-Trantow,Redfish
"Johnson, Watsica and Koch",Redfish
Heaney Inc,Redfish
"Hayes, Bins and Considine",Redfish
Kiehn Group,Redfish
Rogahn-Crist,Redfish
"Kutch, Ryan and Boyer",Redfish
"Hane, Walker and Kirlin",Redfish
Zieme Inc,Redfish
Zieme Inc,Redfish
Dickens-Ortiz,Redfish
Blick-Bartell,Redfish
Schinner Group,Redfish
Schinner Group,Redfish
Fadel-Jast,Redfish
Cole Group,Redfish
"Pagac, Simonis and Cole",Redfish
"Pagac, Simonis and Cole",Redfish
Feil LLC,Redfish
Deckow-Kihn,Redfish
Altenwerth and Sons,Redfish
Heaney - Robel and Witting,Redfish
Heaney - Robel and Witting,Redfish
Schaden LLC,Redfish
Schiller Group,Redfish
Champlin-Kemmer,Redfish
Champlin-Kemmer,Redfish
White-Stroman,Redfish
White-Stroman,Redfish
"Hodkiewicz, Luettgen and Stoltenberg",Redfish
Goldner LLC,Redfish
"Hayes, Koelpin and Smitham",Redfish
"Funk, Morar and Rodriguez",Redfish
"Lubowitz, Prohaska and Reilly",Rice Flour
Torp LLC,Rice Flour
Zieme Inc,Rice Flour
Blick-Bartell,Rice Flour
"Medhurst, Streich and Schamberger",Rice Flour
Sporer Group,Rice Flour
"Aufderhar, Mosciski and Smith",Rice Flour
"Herman, Considine and Senger",Rice Flour
Lockman-Wintheiser,Rice Flour
"Hodkiewicz, Luettgen and Stoltenberg",Rice Flour
Dietrich Inc,Rice Noodles
Medhurst-Trantow,Rice Noodles
Breitenberg Group,Rice Noodles
Heidenreich-Hagenes,Rice Noodles
"Sipes, Schamberger and Stokes",Rice Noodles
"Kutch, Ryan and Boyer",Rice Noodles
Zieme Inc,Rice Noodles
Blick-Bartell,Rice Noodles
Labadie-Runolfsson,Rice Noodles
"Cummings, O'Hara and Casper",Rice Noodles
Kunze Inc,Rice Noodles
Nienow LLC,Rice Noodles
"Schinner, Sauer and Powlowski",Rice Noodles
Ward-Heller,Rice Noodles
Schiller Group,Rice Noodles
White-Stroman,Rice Noodles
"Hodkiewicz, Luettgen and Stoltenberg",Rice Noodles
"McCullough, Leannon and Nolan",Rice Noodles
"Funk, Morar and Rodriguez",Rice Noodles
Dietrich Inc,Rockmelon
Brown Group,Rockmelon
Brown Group,Rockmelon
"VonRueden, Baumbach and Blick",Rockmelon
"Pfeffer, Macejkovic and Batz",Rockmelon
Schmitt-Reichert,Rockmelon
Hyatt Inc,Rockmelon
"Lindgren, Willms and MacGyver",Rockmelon
Kulas LLC,Rockmelon
Botsford Inc,Rockmelon
Blanda and Sons,Rockmelon
"Purdy, Weimann and Carroll",Rockmelon
"Johnson, Watsica and Koch",Rockmelon
Heaney Inc,Rockmelon
Pollich Inc,Rockmelon
Kiehn Group,Rockmelon
Kerluke-Armstrong,Rockmelon
"Kassulke, Rath and Upton",Rockmelon
"Leannon, Cassin and Trantow",Rockmelon
Fadel-Jast,Rockmelon
Fadel-Jast,Rockmelon
Bosco-Bayer,Rockmelon
"Pagac, Simonis and Cole",Rockmelon
Feil LLC,Rockmelon
"Cummings, O'Hara and Casper",Rockmelon
Bruen-Jaskolski,Rockmelon
"Murphy, Swift and Feest",Rockmelon
"Murphy, Swift and Feest",Rockmelon
Deckow-Kihn,Rockmelon
"Becker, Considine and Koelpin",Rockmelon
"Koelpin, Hoppe and Corwin",Rockmelon
Altenwerth and Sons,Rockmelon
Altenwerth and Sons,Rockmelon
Heaney - Robel and Witting,Rockmelon
Heaney - Robel and Witting,Rockmelon
Schaden LLC,Rockmelon
Braun-Wunsch,Rockmelon
Champlin-Kemmer,Rockmelon
White-Stroman,Rockmelon
Hintz Group,Rockmelon
Hegmann Inc,Rockmelon
"Ernser, Champlin and Halvorson",Rockmelon
"Willms, Larson and Herzog",Rockmelon
Dietrich Inc,Rose Water
Dietrich Inc,Rose Water
Brown Group,Rose Water
"Pfeffer, Macejkovic and Batz",Rose Water
Koelpin-Feeney,Rose Water
Hyatt Inc,Rose Water
"Ondricka, Smith and Rutherford",Rose Water
"Lubowitz, Prohaska and Reilly",Rose Water
Botsford Inc,Rose Water
Torp LLC,Rose Water
Medhurst-Trantow,Rose Water
"Purdy, Weimann and Carroll",Rose Water
Heaney Inc,Rose Water
Heaney Inc,Rose Water
Kiehn Group,Rose Water
Kiehn Group,Rose Water
Zieme Inc,Rose Water
Zieme Inc,Rose Water
Dickens-Ortiz,Rose Water
Blick-Bartell,Rose Water
Berge-Parker,Rose Water
Rempel and Sons,Rose Water
Labadie-Runolfsson,Rose Water
"Murphy, Swift and Feest",Rose Water
"Medhurst, Streich and Schamberger",Rose Water
Deckow-Kihn,Rose Water
Deckow-Kihn,Rose Water
Sporer Group,Rose Water
"Aufderhar, Mosciski and Smith",Rose Water
Heaney - Robel and Witting,Rose Water
"Herman, Considine and Senger",Rose Water
Schaden LLC,Rose Water
Schaden LLC,Rose Water
Lockman-Wintheiser,Rose Water
"Hodkiewicz, Luettgen and Stoltenberg",Rose Water
"Hodkiewicz, Luettgen and Stoltenberg",Rose Water
Goldner LLC,Rose Water
Hegmann Inc,Rose Water
"Ernser, Champlin and Halvorson",Rose Water
"Hayes, Koelpin and Smitham",Rose Water
"Funk, Morar and Rodriguez",Rose Water
Brown Group,Rye Bread
Dare LLC,Rye Bread
"VonRueden, Baumbach and Blick",Rye Bread
Murray LLC,Rye Bread
"Pfeffer, Macejkovic and Batz",Rye Bread
Schmitt-Reichert,Rye Bread
Hyatt Inc,Rye Bread
"Lindgren, Willms and MacGyver",Rye Bread
Leffler-Huel,Rye Bread
Kulas LLC,Rye Bread
Kulas LLC,Rye Bread
Ledner LLC,Rye Bread
"Purdy, Weimann and Carroll",Rye Bread
"Mohr, Cartwright and Hoppe",Rye Bread
Breitenberg Group,Rye Bread
Heaney Inc,Rye Bread
Kerluke-Armstrong,Rye Bread
Feest-Bode,Rye Bread
Quigley-Braun,Rye Bread
"Hane, Walker and Kirlin",Rye Bread
Schmeler-Renner,Rye Bread
Wolff-Cartwright,Rye Bread
Berge-Parker,Rye Bread
Berge-Parker,Rye Bread
Fadel-Jast,Rye Bread
Cole Group,Rye Bread
Bosco-Bayer,Rye Bread
"Pagac, Simonis and Cole",Rye Bread
Feil LLC,Rye Bread
Leffler-Aufderhar,Rye Bread
"Cummings, O'Hara and Casper",Rye Bread
"Murphy, Swift and Feest",Rye Bread
Bahringer LLC,Rye Bread
"Koelpin, Hoppe and Corwin",Rye Bread
Altenwerth and Sons,Rye Bread
Altenwerth and Sons,Rye Bread
Heaney - Robel and Witting,Rye Bread
Ward-Heller,Rye Bread
Schiller Group,Rye Bread
Schiller Group,Rye Bread
Champlin-Kemmer,Rye Bread
White-Stroman,Rye Bread
White-Stroman,Rye Bread
Hegmann Inc,Rye Bread
Grant-Hand,Rye Bread
"Hayes, Koelpin and Smitham",Rye Bread
Kuhn-Dach,Rye Bread
Hyatt Inc,Saffron
Leffler-Huel,Saffron
Ledner LLC,Saffron
"Purdy, Weimann and Carroll",Saffron
Heaney Inc,Saffron
Dickens-Ortiz,Saffron
Berge-Parker,Saffron
Rempel and Sons,Saffron
Bosco-Bayer,Saffron
"Hodkiewicz, Luettgen and Stoltenberg",Saffron
Hegmann Inc,Saffron
Medhurst-Trantow,Salmon
Langosh-Franecki,Salmon
Quigley-Braun,Salmon
"Leannon, Cassin and Trantow",Salmon
"Medhurst, Streich and Schamberger",Salmon
Hintz Group,Salmon
Hegmann Inc,Salmon
"Willms, Larson and Herzog",Salmon
"Dare, Hoppe and Moore",Shark
Dietrich Inc,Shark
Brown Group,Shark
Dare LLC,Shark
"VonRueden, Baumbach and Blick",Shark
Schmitt-Reichert,Shark
"Ondricka, Smith and Rutherford",Shark
"Lindgren, Willms and MacGyver",Shark
Kulas LLC,Shark
Kiehn Group,Shark
Labadie-Runolfsson,Shark
"Pagac, Simonis and Cole",Shark
Feil LLC,Shark
"Murphy, Swift and Feest",Shark
Nienow LLC,Shark
Altenwerth and Sons,Shark
Heaney - Robel and Witting,Shark
Champlin-Kemmer,Shark
White-Stroman,Shark
Goldner LLC,Shark
"Ernser, Champlin and Halvorson",Shark
"Dare, Hoppe and Moore",Silverbeet
Brown Group,Silverbeet
"Pfeffer, Macejkovic and Batz",Silverbeet
Schmitt-Reichert,Silverbeet
Koelpin-Feeney,Silverbeet
Kulas LLC,Silverbeet
"Lubowitz, Prohaska and Reilly",Silverbeet
Botsford Inc,Silverbeet
Blanda and Sons,Silverbeet
Ledner LLC,Silverbeet
Kiehn Group,Silverbeet
Langosh-Franecki,Silverbeet
"Fritsch, Hegmann and Mueller",Silverbeet
"Kassulke, Rath and Upton",Silverbeet
Lowe-McCullough,Silverbeet
"Leannon, Cassin and Trantow",Silverbeet
Cole Group,Silverbeet
Feil LLC,Silverbeet
Bruen-Jaskolski,Silverbeet
"Murphy, Swift and Feest",Silverbeet
Kunze Inc,Silverbeet
Kunze Inc,Silverbeet
"Becker, Considine and Koelpin",Silverbeet
Nienow LLC,Silverbeet
Skiles Group,Silverbeet
Skiles Group,Silverbeet
Sporer Group,Silverbeet
"Aufderhar, Mosciski and Smith",Silverbeet
Schaden LLC,Silverbeet
Braun-Wunsch,Silverbeet
"Hodkiewicz, Luettgen and Stoltenberg",Silverbeet
Hintz Group,Silverbeet
Goldner LLC,Silverbeet
"Ernser, Champlin and Halvorson",Silverbeet
"Willms, Larson and Herzog",Silverbeet
"Hayes, Koelpin and Smitham",Silverbeet
Kuhn-Dach,Silverbeet
Hyatt Inc,Smoked Trout
Hyatt Inc,Smoked Trout
"Purdy, Weimann and Carroll",Smoked Trout
"Mohr, Cartwright and Hoppe",Smoked Trout
Heaney Inc,Smoked Trout
Pollich Inc,Smoked Trout
Kiehn Group,Smoked Trout
Quigley-Braun,Smoked Trout
"Kassulke, Rath and Upton",Smoked Trout
Lowe-McCullough,Smoked Trout
Zieme Inc,Smoked Trout
Dickens-Ortiz,Smoked Trout
Berge-Parker,Smoked Trout
Berge-Parker,Smoked Trout
Rempel and Sons,Smoked Trout
Cruickshank-Franecki,Smoked Trout
"Murazik, Hauck and Hodkiewicz",Smoked Trout
"Murazik, Hauck and Hodkiewicz",Smoked Trout
Bahringer LLC,Smoked Trout
"Becker, Considine and Koelpin",Smoked Trout
Braun-Wunsch,Smoked Trout
"Schinner, Sauer and Powlowski",Smoked Trout
Lockman-Wintheiser,Smoked Trout
"Feest, Sporer and Bosco",Smoked Trout
"Hodkiewicz, Luettgen and Stoltenberg",Smoked Trout
Hegmann Inc,Smoked Trout
Koelpin-Feeney,Soy Beans
Hyatt Inc,Soy Beans
Hyatt Inc,Soy Beans
Blanda and Sons,Soy Beans
Ledner LLC,Soy Beans
"Purdy, Weimann and Carroll",Soy Beans
"Mohr, Cartwright and Hoppe",Soy Beans
Heaney Inc,Soy Beans
Pollich Inc,Soy Beans
Kiehn Group,Soy Beans
Langosh-Franecki,Soy Beans
Quigley-Braun,Soy Beans
"Fritsch, Hegmann and Mueller",Soy Beans
"Kassulke, Rath and Upton",Soy Beans
Lowe-McCullough,Soy Beans
Dickens-Ortiz,Soy Beans
Berge-Parker,Soy Beans
Berge-Parker,Soy Beans
Rempel and Sons,Soy Beans
Cruickshank-Franecki,Soy Beans
"Murazik, Hauck and Hodkiewicz",Soy Beans
"Murazik, Hauck and Hodkiewicz",Soy Beans
"Murphy, Swift and Feest",Soy Beans
Bahringer LLC,Soy Beans
Kunze Inc,Soy Beans
"Becker, Considine and Koelpin",Soy Beans
Sporer Group,Soy Beans
Schaden LLC,Soy Beans
Braun-Wunsch,Soy Beans
"Schinner, Sauer and Powlowski",Soy Beans
"Feest, Sporer and Bosco",Soy Beans
"Hodkiewicz, Luettgen and Stoltenberg",Soy Beans
Hegmann Inc,Soy Beans
"Ernser, Champlin and Halvorson",Soy Beans
"Hayes, Koelpin and Smitham",Soy Beans
Kuhn-Dach,Soy Beans
Brown Group,Soymilk
Murray LLC,Soymilk
Murray LLC,Soymilk
Kulas LLC,Soymilk
"Lubowitz, Prohaska and Reilly",Soymilk
Torp LLC,Soymilk
Medhurst-Trantow,Soymilk
"Purdy, Weimann and Carroll",Soymilk
"Mohr, Cartwright and Hoppe",Soymilk
Breitenberg Group,Soymilk
Heaney Inc,Soymilk
Heidenreich-Hagenes,Soymilk
Rogahn-Crist,Soymilk
"Fritsch, Hegmann and Mueller",Soymilk
"Kassulke, Rath and Upton",Soymilk
Zieme Inc,Soymilk
Wolff-Cartwright,Soymilk
Wolff-Cartwright,Soymilk
"Leannon, Cassin and Trantow",Soymilk
Blick-Bartell,Soymilk
Schinner Group,Soymilk
Rempel and Sons,Soymilk
Rempel and Sons,Soymilk
Cruickshank-Franecki,Soymilk
Labadie-Runolfsson,Soymilk
Cole Group,Soymilk
Bosco-Bayer,Soymilk
Reilly-Ebert,Soymilk
"Murazik, Hauck and Hodkiewicz",Soymilk
Leffler-Aufderhar,Soymilk
"Medhurst, Streich and Schamberger",Soymilk
"Medhurst, Streich and Schamberger",Soymilk
Bahringer LLC,Soymilk
Kunze Inc,Soymilk
"Becker, Considine and Koelpin",Soymilk
Nienow LLC,Soymilk
Sporer Group,Soymilk
Sporer Group,Soymilk
"Aufderhar, Mosciski and Smith",Soymilk
"Aufderhar, Mosciski and Smith",Soymilk
"Herman, Considine and Senger",Soymilk
"Herman, Considine and Senger",Soymilk
"Herman, Considine and Senger",Soymilk
Braun-Wunsch,Soymilk
"Schinner, Sauer and Powlowski",Soymilk
Lockman-Wintheiser,Soymilk
"Feest, Sporer and Bosco",Soymilk
Schiller Group,Soymilk
Champlin-Kemmer,Soymilk
White-Stroman,Soymilk
"Hodkiewicz, Luettgen and Stoltenberg",Soymilk
"Willms, Larson and Herzog",Soymilk
Grant-Hand,Soymilk
Kuhn-Dach,Soymilk
Brown Group,Spinach
Leffler-Huel,Spinach
Breitenberg Group,Spinach
"Hayes, Bins and Considine",Spinach
"Kassulke, Rath and Upton",Spinach
Zieme Inc,Spinach
Dickens-Ortiz,Spinach
Schinner Group,Spinach
Rempel and Sons,Spinach
Fadel-Jast,Spinach
Cole Group,Spinach
Bosco-Bayer,Spinach
"Pagac, Simonis and Cole",Spinach
"Aufderhar, Mosciski and Smith",Spinach
Heaney - Robel and Witting,Spinach
"Herman, Considine and Senger",Spinach
Champlin-Kemmer,Spinach
"Dare, Hoppe and Moore",Strawberries
"Dare, Hoppe and Moore",Strawberries
Murray LLC,Strawberries
Cremin Inc,Strawberries
"Kling, Luettgen and Jast",Strawberries
Leffler-Huel,Strawberries
"Lubowitz, Prohaska and Reilly",Strawberries
Botsford Inc,Strawberries
Blanda and Sons,Strawberries
Heaney Inc,Strawberries
Heidenreich-Hagenes,Strawberries
"Hayes, Bins and Considine",Strawberries
"Hayes, Bins and Considine",Strawberries
"Hayes, Bins and Considine",Strawberries
Pollich Inc,Strawberries
Langosh-Franecki,Strawberries
"Sipes, Schamberger and Stokes",Strawberries
"Hane, Walker and Kirlin",Strawberries
Schmeler-Renner,Strawberries
Lowe-McCullough,Strawberries
Zieme Inc,Strawberries
Dickens-Ortiz,Strawberries
Blick-Bartell,Strawberries
Schinner Group,Strawberries
Rempel and Sons,Strawberries
Fadel-Jast,Strawberries
Cruickshank-Franecki,Strawberries
Cole Group,Strawberries
Cole Group,Strawberries
Reilly-Ebert,Strawberries
"Pagac, Simonis and Cole",Strawberries
"Murazik, Hauck and Hodkiewicz",Strawberries
"Murazik, Hauck and Hodkiewicz",Strawberries
"Murazik, Hauck and Hodkiewicz",Strawberries
Feil LLC,Strawberries
Bruen-Jaskolski,Strawberries
Bahringer LLC,Strawberries
Kunze Inc,Strawberries
Nienow LLC,Strawberries
Skiles Group,Strawberries
"Koelpin, Hoppe and Corwin",Strawberries
"Koelpin, Hoppe and Corwin",Strawberries
Heaney - Robel and Witting,Strawberries
Heaney - Robel and Witting,Strawberries
"Herman, Considine and Senger",Strawberries
Schaden LLC,Strawberries
"Feest, Sporer and Bosco",Strawberries
White-Stroman,Strawberries
White-Stroman,Strawberries
Hegmann Inc,Strawberries
Hegmann Inc,Strawberries
"Ernser, Champlin and Halvorson",Strawberries
"Willms, Larson and Herzog",Strawberries
Botsford Inc,Sunflower Oil
Medhurst-Trantow,Sunflower Oil
Ledner LLC,Sunflower Oil
"Johnson, Watsica and Koch",Sunflower Oil
"Mohr, Cartwright and Hoppe",Sunflower Oil
Heidenreich-Hagenes,Sunflower Oil
Heidenreich-Hagenes,Sunflower Oil
Kiehn Group,Sunflower Oil
Langosh-Franecki,Sunflower Oil
Feest-Bode,Sunflower Oil
Quigley-Braun,Sunflower Oil
Quigley-Braun,Sunflower Oil
Quigley-Braun,Sunflower Oil
Schmeler-Renner,Sunflower Oil
Wolff-Cartwright,Sunflower Oil
"Leannon, Cassin and Trantow",Sunflower Oil
Schinner Group,Sunflower Oil
Berge-Parker,Sunflower Oil
Leffler-Aufderhar,Sunflower Oil
Leffler-Aufderhar,Sunflower Oil
Bruen-Jaskolski,Sunflower Oil
"Medhurst, Streich and Schamberger",Sunflower Oil
"Becker, Considine and Koelpin",Sunflower Oil
Sporer Group,Sunflower Oil
"Koelpin, Hoppe and Corwin",Sunflower Oil
"Aufderhar, Mosciski and Smith",Sunflower Oil
Heaney - Robel and Witting,Sunflower Oil
Braun-Wunsch,Sunflower Oil
"Feest, Sporer and Bosco",Sunflower Oil
Ward-Heller,Sunflower Oil
"McCullough, Leannon and Nolan",Sunflower Oil
Hintz Group,Sunflower Oil
Hintz Group,Sunflower Oil
Hegmann Inc,Sunflower Oil
"Willms, Larson and Herzog",Sunflower Oil
Grant-Hand,Sunflower Oil
"Hayes, Koelpin and Smitham",Sunflower Oil
Brown Group,Sunflower Seeds
"Pfeffer, Macejkovic and Batz",Sunflower Seeds
Schmitt-Reichert,Sunflower Seeds
Koelpin-Feeney,Sunflower Seeds
Hyatt Inc,Sunflower Seeds
Cremin Inc,Sunflower Seeds
Kulas LLC,Sunflower Seeds
Heaney Inc,Sunflower Seeds
Heaney Inc,Sunflower Seeds
"Sipes, Schamberger and Stokes",Sunflower Seeds
Zieme Inc,Sunflower Seeds
Wolff-Cartwright,Sunflower Seeds
Fadel-Jast,Sunflower Seeds
Cole Group,Sunflower Seeds
"Murphy, Swift and Feest",Sunflower Seeds
Deckow-Kihn,Sunflower Seeds
Altenwerth and Sons,Sunflower Seeds
"Aufderhar, Mosciski and Smith",Sunflower Seeds
Schaden LLC,Sunflower Seeds
Champlin-Kemmer,Sunflower Seeds
Hegmann Inc,Sunflower Seeds
Kuhn-Dach,Sunflower Seeds
Brown Group,Tahini
Brown Group,Tahini
Brown Group,Tahini
"VonRueden, Baumbach and Blick",Tahini
"Pfeffer, Macejkovic and Batz",Tahini
"Pfeffer, Macejkovic and Batz",Tahini
Hyatt Inc,Tahini
"Ondricka, Smith and Rutherford",Tahini
"Ondricka, Smith and Rutherford",Tahini
"Lubowitz, Prohaska and Reilly",Tahini
Botsford Inc,Tahini
Blanda and Sons,Tahini
Ledner LLC,Tahini
"Johnson, Watsica and Koch",Tahini
"Johnson, Watsica and Koch",Tahini
Heaney Inc,Tahini
Heidenreich-Hagenes,Tahini
Heidenreich-Hagenes,Tahini
"Hayes, Bins and Considine",Tahini
Kiehn Group,Tahini
Schmeler-Renner,Tahini
"Kassulke, Rath and Upton",Tahini
"Kassulke, Rath and Upton",Tahini
Zieme Inc,Tahini
"Leannon, Cassin and Trantow",Tahini
Blick-Bartell,Tahini
Fadel-Jast,Tahini
Leffler-Aufderhar,Tahini
"Cummings, O'Hara and Casper",Tahini
Bruen-Jaskolski,Tahini
Bruen-Jaskolski,Tahini
"Murphy, Swift and Feest",Tahini
Deckow-Kihn,Tahini
"Becker, Considine and Koelpin",Tahini
Altenwerth and Sons,Tahini
Altenwerth and Sons,Tahini
"Aufderhar, Mosciski and Smith",Tahini
Heaney - Robel and Witting,Tahini
Braun-Wunsch,Tahini
"Hodkiewicz, Luettgen and Stoltenberg",Tahini
"McCullough, Leannon and Nolan",Tahini
Hintz Group,Tahini
Goldner LLC,Tahini
Hegmann Inc,Tahini
"Willms, Larson and Herzog",Tahini
"Funk, Morar and Rodriguez",Tahini
"Funk, Morar and Rodriguez",Tahini
"Lindgren, Willms and MacGyver",Taleggio Cheese
"Johnson, Watsica and Koch",Taleggio Cheese
Breitenberg Group,Taleggio Cheese
Rogahn-Crist,Taleggio Cheese
Kerluke-Armstrong,Taleggio Cheese
"Sipes, Schamberger and Stokes",Taleggio Cheese
"Hane, Walker and Kirlin",Taleggio Cheese
Schinner Group,Taleggio Cheese
Labadie-Runolfsson,Taleggio Cheese
Leffler-Aufderhar,Taleggio Cheese
Kunze Inc,Taleggio Cheese
Nienow LLC,Taleggio Cheese
"Schinner, Sauer and Powlowski",Taleggio Cheese
Ward-Heller,Taleggio Cheese
Champlin-Kemmer,Taleggio Cheese
"Funk, Morar and Rodriguez",Taleggio Cheese
Brown Group,Tamarillo
Murray LLC,Tamarillo
"Pfeffer, Macejkovic and Batz",Tamarillo
Schmitt-Reichert,Tamarillo
Koelpin-Feeney,Tamarillo
Hyatt Inc,Tamarillo
Kulas LLC,Tamarillo
"Lubowitz, Prohaska and Reilly",Tamarillo
Botsford Inc,Tamarillo
Medhurst-Trantow,Tamarillo
Ledner LLC,Tamarillo
"Mohr, Cartwright and Hoppe",Tamarillo
Heaney Inc,Tamarillo
Heidenreich-Hagenes,Tamarillo
Pollich Inc,Tamarillo
Kiehn Group,Tamarillo
Feest-Bode,Tamarillo
Quigley-Braun,Tamarillo
"Fritsch, Hegmann and Mueller",Tamarillo
"Kutch, Ryan and Boyer",Tamarillo
"Kassulke, Rath and Upton",Tamarillo
Lowe-McCullough,Tamarillo
"Leannon, Cassin and Trantow",Tamarillo
"Leannon, Cassin and Trantow",Tamarillo
Berge-Parker,Tamarillo
Rempel and Sons,Tamarillo
Cruickshank-Franecki,Tamarillo
"Murazik, Hauck and Hodkiewicz",Tamarillo
Feil LLC,Tamarillo
Leffler-Aufderhar,Tamarillo
Bruen-Jaskolski,Tamarillo
Kunze Inc,Tamarillo
Kunze Inc,Tamarillo
"Becker, Considine and Koelpin",Tamarillo
Nienow LLC,Tamarillo
Skiles Group,Tamarillo
"Koelpin, Hoppe and Corwin",Tamarillo
"Aufderhar, Mosciski and Smith",Tamarillo
"Herman, Considine and Senger",Tamarillo
"Herman, Considine and Senger",Tamarillo
Braun-Wunsch,Tamarillo
Braun-Wunsch,Tamarillo
"Schinner, Sauer and Powlowski",Tamarillo
Ward-Heller,Tamarillo
"Hodkiewicz, Luettgen and Stoltenberg",Tamarillo
Hintz Group,Tamarillo
Franecki Group,Tamarillo
"Willms, Larson and Herzog",Tamarillo
"Willms, Larson and Herzog",Tamarillo
"Hayes, Koelpin and Smitham",Tamarillo
"Dare, Hoppe and Moore",Tapioca Flour
"Dare, Hoppe and Moore",Tapioca Flour
Brown Group,Tapioca Flour
"VonRueden, Baumbach and Blick",Tapioca Flour
Murray LLC,Tapioca Flour
"Pfeffer, Macejkovic and Batz",Tapioca Flour
Hyatt Inc,Tapioca Flour
Hyatt Inc,Tapioca Flour
Blanda and Sons,Tapioca Flour
"Purdy, Weimann and Carroll",Tapioca Flour
"Johnson, Watsica and Koch",Tapioca Flour
Heaney Inc,Tapioca Flour
Heaney Inc,Tapioca Flour
Pollich Inc,Tapioca Flour
Kerluke-Armstrong,Tapioca Flour
Dickens-Ortiz,Tapioca Flour
Blick-Bartell,Tapioca Flour
Berge-Parker,Tapioca Flour
Rempel and Sons,Tapioca Flour
Fadel-Jast,Tapioca Flour
Fadel-Jast,Tapioca Flour
"Murphy, Swift and Feest",Tapioca Flour
"Medhurst, Streich and Schamberger",Tapioca Flour
"Koelpin, Hoppe and Corwin",Tapioca Flour
Altenwerth and Sons,Tapioca Flour
"Hodkiewicz, Luettgen and Stoltenberg",Tapioca Flour
Hegmann Inc,Tapioca Flour
Hegmann Inc,Tapioca Flour
"Ernser, Champlin and Halvorson",Tapioca Flour
Grant-Hand,Tapioca Flour
"Dare, Hoppe and Moore",Tarragon
Brown Group,Tarragon
Dare LLC,Tarragon
"VonRueden, Baumbach and Blick",Tarragon
Murray LLC,Tarragon
"Pfeffer, Macejkovic and Batz",Tarragon
"Pfeffer, Macejkovic and Batz",Tarragon
Schmitt-Reichert,Tarragon
Hyatt Inc,Tarragon
"Ondricka, Smith and Rutherford",Tarragon
Cremin Inc,Tarragon
"Kling, Luettgen and Jast",Tarragon
Kulas LLC,Tarragon
"Lubowitz, Prohaska and Reilly",Tarragon
"Lubowitz, Prohaska and Reilly",Tarragon
Botsford Inc,Tarragon
Torp LLC,Tarragon
"Johnson, Watsica and Koch",Tarragon
Heaney Inc,Tarragon
Heidenreich-Hagenes,Tarragon
Heidenreich-Hagenes,Tarragon
Feest-Bode,Tarragon
Feest-Bode,Tarragon
"Sipes, Schamberger and Stokes",Tarragon
"Sipes, Schamberger and Stokes",Tarragon
"Sipes, Schamberger and Stokes",Tarragon
Zieme Inc,Tarragon
Wolff-Cartwright,Tarragon
Wolff-Cartwright,Tarragon
Schinner Group,Tarragon
Berge-Parker,Tarragon
Rempel and Sons,Tarragon
Cruickshank-Franecki,Tarragon
Cole Group,Tarragon
"Pagac, Simonis and Cole",Tarragon
"Murazik, Hauck and Hodkiewicz",Tarragon
Feil LLC,Tarragon
Feil LLC,Tarragon
"Cummings, O'Hara and Casper",Tarragon
Bruen-Jaskolski,Tarragon
Kunze Inc,Tarragon
Deckow-Kihn,Tarragon
Nienow LLC,Tarragon
Skiles Group,Tarragon
Sporer Group,Tarragon
Sporer Group,Tarragon
Altenwerth and Sons,Tarragon
Altenwerth and Sons,Tarragon
"Aufderhar, Mosciski and Smith",Tarragon
"Herman, Considine and Senger",Tarragon
Braun-Wunsch,Tarragon
"Feest, Sporer and Bosco",Tarragon
Champlin-Kemmer,Tarragon
"McCullough, Leannon and Nolan",Tarragon
Goldner LLC,Tarragon
"Willms, Larson and Herzog",Tarragon
"Funk, Morar and Rodriguez",Tarragon
Kuhn-Dach,Tarragon
"VonRueden, Baumbach and Blick",Tinned
"Pfeffer, Macejkovic and Batz",Tinned
Hyatt Inc,Tinned
"Kling, Luettgen and Jast",Tinned
"Lindgren, Willms and MacGyver",Tinned
Botsford Inc,Tinned
"Purdy, Weimann and Carroll",Tinned
Rogahn-Crist,Tinned
Kerluke-Armstrong,Tinned
Feest-Bode,Tinned
Quigley-Braun,Tinned
"Sipes, Schamberger and Stokes",Tinned
Dickens-Ortiz,Tinned
Rempel and Sons,Tinned
Bosco-Bayer,Tinned
"Pagac, Simonis and Cole",Tinned
Feil LLC,Tinned
"Cummings, O'Hara and Casper",Tinned
Bruen-Jaskolski,Tinned
Deckow-Kihn,Tinned
Skiles Group,Tinned
"Koelpin, Hoppe and Corwin",Tinned
"Herman, Considine and Senger",Tinned
Lockman-Wintheiser,Tinned
"McCullough, Leannon and Nolan",Tinned
Franecki Group,Tinned
Kuhn-Dach,Tinned
Kuhn-Dach,Tinned
"Dare, Hoppe and Moore",Turnips
Brown Group,Turnips
Koelpin-Feeney,Turnips
Hyatt Inc,Turnips
Medhurst-Trantow,Turnips
Breitenberg Group,Turnips
Heidenreich-Hagenes,Turnips
Pollich Inc,Turnips
Kiehn Group,Turnips
"Sipes, Schamberger and Stokes",Turnips
"Fritsch, Hegmann and Mueller",Turnips
"Kutch, Ryan and Boyer",Turnips
"Kassulke, Rath and Upton",Turnips
"Leannon, Cassin and Trantow",Turnips
"Leannon, Cassin and Trantow",Turnips
Labadie-Runolfsson,Turnips
Bruen-Jaskolski,Turnips
Kunze Inc,Turnips
"Becker, Considine and Koelpin",Turnips
Nienow LLC,Turnips
"Herman, Considine and Senger",Turnips
Braun-Wunsch,Turnips
Braun-Wunsch,Turnips
"Schinner, Sauer and Powlowski",Turnips
"Schinner, Sauer and Powlowski",Turnips
Ward-Heller,Turnips
Hintz Group,Turnips
Franecki Group,Turnips
"Willms, Larson and Herzog",Turnips
"Funk, Morar and Rodriguez",Turnips
Murray LLC,Vegetable Oil
"Pfeffer, Macejkovic and Batz",Vegetable Oil
Schmitt-Reichert,Vegetable Oil
Hyatt Inc,Vegetable Oil
Cremin Inc,Vegetable Oil
Kulas LLC,Vegetable Oil
Medhurst-Trantow,Vegetable Oil
Medhurst-Trantow,Vegetable Oil
"Purdy, Weimann and Carroll",Vegetable Oil
"Purdy, Weimann and Carroll",Vegetable Oil
"Mohr, Cartwright and Hoppe",Vegetable Oil
Heaney Inc,Vegetable Oil
Kiehn Group,Vegetable Oil
Rogahn-Crist,Vegetable Oil
"Sipes, Schamberger and Stokes",Vegetable Oil
"Fritsch, Hegmann and Mueller",Vegetable Oil
Dickens-Ortiz,Vegetable Oil
Wolff-Cartwright,Vegetable Oil
Wolff-Cartwright,Vegetable Oil
"Leannon, Cassin and Trantow",Vegetable Oil
Berge-Parker,Vegetable Oil
Rempel and Sons,Vegetable Oil
Labadie-Runolfsson,Vegetable Oil
Cole Group,Vegetable Oil
Reilly-Ebert,Vegetable Oil
Leffler-Aufderhar,Vegetable Oil
"Medhurst, Streich and Schamberger",Vegetable Oil
"Becker, Considine and Koelpin",Vegetable Oil
"Aufderhar, Mosciski and Smith",Vegetable Oil
"Schinner, Sauer and Powlowski",Vegetable Oil
Champlin-Kemmer,Vegetable Oil
"Hodkiewicz, Luettgen and Stoltenberg",Vegetable Oil
Goldner LLC,Vegetable Oil
Hegmann Inc,Vegetable Oil
Grant-Hand,Vegetable Oil
"Hayes, Koelpin and Smitham",Vegetable Oil
"Funk, Morar and Rodriguez",Vegetable Oil
Kuhn-Dach,Vegetable Oil
Dare LLC,Vegetable Stock
Murray LLC,Vegetable Stock
"Lindgren, Willms and MacGyver",Vegetable Stock
Leffler-Huel,Vegetable Stock
Leffler-Huel,Vegetable Stock
Botsford Inc,Vegetable Stock
Ledner LLC,Vegetable Stock
"Johnson, Watsica and Koch",Vegetable Stock
Breitenberg Group,Vegetable Stock
Heidenreich-Hagenes,Vegetable Stock
Kerluke-Armstrong,Vegetable Stock
"Hane, Walker and Kirlin",Vegetable Stock
Schmeler-Renner,Vegetable Stock
Schmeler-Renner,Vegetable Stock
Zieme Inc,Vegetable Stock
Wolff-Cartwright,Vegetable Stock
Berge-Parker,Vegetable Stock
Berge-Parker,Vegetable Stock
Bosco-Bayer,Vegetable Stock
Leffler-Aufderhar,Vegetable Stock
Leffler-Aufderhar,Vegetable Stock
Bruen-Jaskolski,Vegetable Stock
"Aufderhar, Mosciski and Smith",Vegetable Stock
Heaney - Robel and Witting,Vegetable Stock
Lockman-Wintheiser,Vegetable Stock
Schiller Group,Vegetable Stock
Grant-Hand,Vegetable Stock
"Dare, Hoppe and Moore",Wakame
Cole Group,Wakame
Nienow LLC,Wakame
Skiles Group,Wakame
Goldner LLC,Wakame
"Dare, Hoppe and Moore",Warehou
Brown Group,Warehou
"VonRueden, Baumbach and Blick",Warehou
"Pfeffer, Macejkovic and Batz",Warehou
Koelpin-Feeney,Warehou
"Ondricka, Smith and Rutherford",Warehou
"Lubowitz, Prohaska and Reilly",Warehou
"Johnson, Watsica and Koch",Warehou
Heaney Inc,Warehou
"Hayes, Bins and Considine",Warehou
Langosh-Franecki,Warehou
Schmeler-Renner,Warehou
Zieme Inc,Warehou
Deckow-Kihn,Warehou
"Koelpin, Hoppe and Corwin",Warehou
Altenwerth and Sons,Warehou
Heaney - Robel and Witting,Warehou
Schaden LLC,Warehou
Schaden LLC,Warehou
White-Stroman,Warehou
Goldner LLC,Warehou
Hegmann Inc,Warehou
"Funk, Morar and Rodriguez",Warehou
Dare LLC,White Wine
"VonRueden, Baumbach and Blick",White Wine
"Lindgren, Willms and MacGyver",White Wine
"Murphy, Swift and Feest",White Wine
Nienow LLC,White Wine
Goldner LLC,White Wine
"Dare, Hoppe and Moore",William Pear
Schmitt-Reichert,William Pear
"Ondricka, Smith and Rutherford",William Pear
"Kling, Luettgen and Jast",William Pear
Kulas LLC,William Pear
Ledner LLC,William Pear
Breitenberg Group,William Pear
"Hayes, Bins and Considine",William Pear
Langosh-Franecki,William Pear
Feest-Bode,William Pear
"Sipes, Schamberger and Stokes",William Pear
Schmeler-Renner,William Pear
Wolff-Cartwright,William Pear
Cruickshank-Franecki,William Pear
Labadie-Runolfsson,William Pear
Cole Group,William Pear
Bosco-Bayer,William Pear
Reilly-Ebert,William Pear
"Cummings, O'Hara and Casper",William Pear
"Murphy, Swift and Feest",William Pear
Bahringer LLC,William Pear
Kunze Inc,William Pear
Nienow LLC,William Pear
Nienow LLC,William Pear
"Koelpin, Hoppe and Corwin",William Pear
Heaney - Robel and Witting,William Pear
Schaden LLC,William Pear
"Schinner, Sauer and Powlowski",William Pear
Ward-Heller,William Pear
Ward-Heller,William Pear
Schiller Group,William Pear
White-Stroman,William Pear
White-Stroman,William Pear
Hegmann Inc,William Pear
Franecki Group,William Pear
"Ernser, Champlin and Halvorson",William Pear
"Funk, Morar and Rodriguez",William Pear
"Funk, Morar and Rodriguez",William Pear
Kuhn-Dach,William Pear
