hotel_name;ingredient_name
Dare Hoppe and Moore ;Chia Seeds
Dare Hoppe and Moore ;Cornmeal
Dare Hoppe and Moore ;Extra Virgin Olive Oil
Dare Hoppe and Moore ;Iceberg Lettuce
Dare Hoppe and Moore ;Provolone
Dare Hoppe and Moore ;Tapioca Flour
Dare Hoppe and Moore ;Achacha
Dare Hoppe and Moore ;Cream Cheese
Dare Hoppe and Moore ;Dried Apricots
Dare Hoppe and Moore ;Pecan Nut
Dare Hoppe and Moore ;Shark
Dare Hoppe and Moore ;Strawberries
Dare Hoppe and Moore ;Tapioca Flour
Dare Hoppe and Moore ;Turnips
Dare Hoppe and Moore ;Apples
Dare Hoppe and Moore ;Apricots
Dare Hoppe and Moore ;Cornmeal
Dare Hoppe and Moore ;Pear Juice
Dare Hoppe and Moore ;Plums
Dare Hoppe and Moore ;Silverbeet
Dare Hoppe and Moore ;Wakame
Dare Hoppe and Moore ;Achacha
Dare Hoppe and Moore ;Black Eyed Beans
Dare Hoppe and Moore ;Cardamom
Dare Hoppe and Moore ;Hokkien Noodles
Dare Hoppe and Moore ;Strawberries
Dare Hoppe and Moore ;Warehou
Dare Hoppe and Moore ;William Pear
Dare Hoppe and Moore ;Apple Cider Vinegar
Dare Hoppe and Moore ;Loquats
Dare Hoppe and Moore ;Pork
Dare Hoppe and Moore ;Provolone
Dare Hoppe and Moore ;Tarragon
Dietrich Inc;Corn Oil
Dietrich Inc;Ham
Dietrich Inc;Kidneys
Dietrich Inc;Nutritional Yeast
Dietrich Inc;Parsnip
Dietrich Inc;Peas
Dietrich Inc;Rose Water
Dietrich Inc;Shark
Dietrich Inc;Achacha
Dietrich Inc;Baking Powder
Dietrich Inc;Oatmeal
Dietrich Inc;Parsnip
Dietrich Inc;Peas
Dietrich Inc;Redfish
Dietrich Inc;Rice Noodles
Dietrich Inc;Black Eyed Beans
Dietrich Inc;Freekeh
Dietrich Inc;Jasmine Rice
Dietrich Inc;Red Cabbage
Dietrich Inc;Rockmelon
Dietrich Inc;Rose Water
Brown Group;Flat Mushrooms
Brown Group;Nuts
Brown Group;Peas
Brown Group;Soymilk
Brown Group;Spinach
Brown Group;Corn Oil
Brown Group;Ham
Brown Group;Kidneys
Brown Group;Nutritional Yeast
Brown Group;Parsnip
Brown Group;Peas
Brown Group;Rose Water
Brown Group;Shark
Brown Group;Butter
Brown Group;Green Tea Noodles
Brown Group;Parsnip
Brown Group;Pork
Brown Group;Tahini
Brown Group;Tarragon
Brown Group;Warehou
Brown Group;Dried Apricots
Brown Group;Hokkien Noodles
Brown Group;Kombu
Brown Group;Rockmelon
Brown Group;Rye Bread
Brown Group;Sunflower Seeds
Brown Group;Tahini
Brown Group;Tapioca Flour
Brown Group;Bacon
Brown Group;Cottage Cheese
Brown Group;Flaxseed Oil
Brown Group;Rockmelon
Brown Group;Silverbeet
Brown Group;Tahini
Brown Group;Tamarillo
Brown Group;Turnips
Dare Hoppe and Moore  LLC;Apple Cider Vinegar
Dare Hoppe and Moore  LLC;Loquats
Dare Hoppe and Moore  LLC;Pork
Dare Hoppe and Moore  LLC;Provolone
Dare Hoppe and Moore  LLC;Tarragon
Dare Hoppe and Moore  LLC;Baking Powder
Dare Hoppe and Moore  LLC;Beef
Dare Hoppe and Moore  LLC;Corn Oil
Dare Hoppe and Moore  LLC;Pear Juice
Dare Hoppe and Moore  LLC;Pecan Nut
Dare Hoppe and Moore  LLC;Rye Bread
Dare Hoppe and Moore  LLC;Vegetable Stock
Dare Hoppe and Moore  LLC;Achacha
Dare Hoppe and Moore  LLC;Bean Sprouts
Dare Hoppe and Moore  LLC;Beef
Dare Hoppe and Moore  LLC;Black Eyed Beans
Dare Hoppe and Moore  LLC;Bonza
Dare Hoppe and Moore  LLC;Mahlab
Dare Hoppe and Moore  LLC;Shark
Dare Hoppe and Moore  LLC;White Wine
VonRueden;Apricots
VonRueden;Kombu
VonRueden;Pecan Nut
VonRueden;Rockmelon
VonRueden;Rye Bread
VonRueden;Tinned
VonRueden;Achacha
VonRueden;Bean Sprouts
VonRueden;Beef
VonRueden;Black Eyed Beans
VonRueden;Bonza
VonRueden;Mahlab
VonRueden;Shark
VonRueden;White Wine
VonRueden;Butter
VonRueden;Green Tea Noodles
VonRueden;Parsnip
VonRueden;Pork
VonRueden;Tahini
VonRueden;Tarragon
VonRueden;Warehou
VonRueden;Chia Seeds
VonRueden;Cornmeal
VonRueden;Extra Virgin Olive Oil
VonRueden;Iceberg Lettuce
VonRueden;Provolone
VonRueden;Tapioca Flour
Murray LLC;Baking Powder
Murray LLC;Beef
Murray LLC;Corn Oil
Murray LLC;Pear Juice
Murray LLC;Pecan Nut
Murray LLC;Rye Bread
Murray LLC;Vegetable Stock
Murray LLC;Chia Seeds
Murray LLC;Cornmeal
Murray LLC;Extra Virgin Olive Oil
Murray LLC;Iceberg Lettuce
Murray LLC;Provolone
Murray LLC;Tapioca Flour
Murray LLC;Cauliflower
Murray LLC;Chives
Murray LLC;Corn Oil
Murray LLC;Pecan Nut
Murray LLC;Soymilk
Murray LLC;Vegetable Oil
Murray LLC;Baking Powder
Murray LLC;Kombu
Murray LLC;Mahlab
Murray LLC;Provolone
Murray LLC;Soymilk
Murray LLC;Strawberries
Murray LLC;Tamarillo
Murray LLC;Tarragon
Pfeffer;Berries
Pfeffer;Camomile
Pfeffer;Cinnamon
Pfeffer;Redfish
Pfeffer;Rose Water
Pfeffer;Vegetable Oil
Pfeffer;Cardamom
Pfeffer;Chia Seeds
Pfeffer;Cream Cheese
Pfeffer;Green Tea Noodles
Pfeffer;Lychees
Pfeffer;Provolone
Pfeffer;Silverbeet
Pfeffer;Tamarillo
Pfeffer;Ham
Pfeffer;Kidneys
Pfeffer;Kombu
Pfeffer;Tarragon
Pfeffer;Tinned
Pfeffer;Dried Apricots
Pfeffer;Hokkien Noodles
Pfeffer;Kombu
Pfeffer;Rockmelon
Pfeffer;Rye Bread
Pfeffer;Sunflower Seeds
Pfeffer;Tahini
Pfeffer;Tapioca Flour
Pfeffer;Butter
Pfeffer;Green Tea Noodles
Pfeffer;Parsnip
Pfeffer;Pork
Pfeffer;Tahini
Pfeffer;Tarragon
Pfeffer;Warehou
Schmitt-Reichert;Achacha
Schmitt-Reichert;Camomile
Schmitt-Reichert;Nuts
Schmitt-Reichert;Pecan Nut
Schmitt-Reichert;Plums
Schmitt-Reichert;Sunflower Seeds
Schmitt-Reichert;Tarragon
Schmitt-Reichert;Vegetable Oil
Schmitt-Reichert;Berries
Schmitt-Reichert;Cottage Cheese
Schmitt-Reichert;Nuts
Schmitt-Reichert;Pork
Schmitt-Reichert;Redfish
Schmitt-Reichert;Rockmelon
Schmitt-Reichert;Rye Bread
Schmitt-Reichert;Shark
Schmitt-Reichert;Baking Powder
Schmitt-Reichert;Bean Sprouts
Schmitt-Reichert;Cream Cheese
Schmitt-Reichert;Pear Juice
Schmitt-Reichert;William Pear
Schmitt-Reichert;Cardamom
Schmitt-Reichert;Chia Seeds
Schmitt-Reichert;Cream Cheese
Schmitt-Reichert;Green Tea Noodles
Schmitt-Reichert;Lychees
Schmitt-Reichert;Provolone
Schmitt-Reichert;Silverbeet
Schmitt-Reichert;Tamarillo
Koelpin-Feeney;Beef
Koelpin-Feeney;Bonza
Koelpin-Feeney;Elderberry
Koelpin-Feeney;Tamarillo
Koelpin-Feeney;Turnips
Koelpin-Feeney;Ham
Koelpin-Feeney;Lychees
Koelpin-Feeney;Nuts
Koelpin-Feeney;Omega Spread
Koelpin-Feeney;Redfish
Koelpin-Feeney;Rose Water
Koelpin-Feeney;Sunflower Seeds
Koelpin-Feeney;Warehou
Koelpin-Feeney;Bean Sprouts
Koelpin-Feeney;Extra Virgin Olive Oil
Koelpin-Feeney;Oatmeal
Koelpin-Feeney;Provolone
Koelpin-Feeney;Silverbeet
Koelpin-Feeney;Soy Beans
Hyatt Inc;Ham
Hyatt Inc;Kidneys
Hyatt Inc;Kombu
Hyatt Inc;Tarragon
Hyatt Inc;Tinned
Hyatt Inc;Beef
Hyatt Inc;Bonza
Hyatt Inc;Elderberry
Hyatt Inc;Tamarillo
Hyatt Inc;Turnips
Hyatt Inc;Dried Apricots
Hyatt Inc;Hokkien Noodles
Hyatt Inc;Kombu
Hyatt Inc;Rockmelon
Hyatt Inc;Rye Bread
Hyatt Inc;Sunflower Seeds
Hyatt Inc;Tahini
Hyatt Inc;Tapioca Flour
Hyatt Inc;Camomile
Hyatt Inc;Loquats
Hyatt Inc;Rose Water
Hyatt Inc;Saffron
Hyatt Inc;Smoked Trout
Hyatt Inc;Soy Beans
Hyatt Inc;Tapioca Flour
Hyatt Inc;Vegetable Oil
Hyatt Inc;Apples
Hyatt Inc;Butter
Hyatt Inc;Cacao
Hyatt Inc;Corn Oil
Hyatt Inc;Cream Cheese
Hyatt Inc;Oatmeal
Hyatt Inc;Smoked Trout
Hyatt Inc;Soy Beans
Ondricka;Baking Powder
Ondricka;Bean Sprouts
Ondricka;Cream Cheese
Ondricka;Pear Juice
Ondricka;William Pear
Ondricka;Corn Oil
Ondricka;Ham
Ondricka;Kidneys
Ondricka;Nutritional Yeast
Ondricka;Parsnip
Ondricka;Peas
Ondricka;Rose Water
Ondricka;Shark
Ondricka;Butter
Ondricka;Green Tea Noodles
Ondricka;Parsnip
Ondricka;Pork
Ondricka;Tahini
Ondricka;Tarragon
Ondricka;Warehou
Ondricka;Baking Powder
Ondricka;Beef
Ondricka;Berries
Ondricka;Black Eyed Beans
Ondricka;Feta
Ondricka;Tahini
Cremin Inc;Apricots
Cremin Inc;Berries
Cremin Inc;Cardamom
Cremin Inc;Freekeh
Cremin Inc;Lychees
Cremin Inc;Achacha
Cremin Inc;Camomile
Cremin Inc;Nuts
Cremin Inc;Pecan Nut
Cremin Inc;Plums
Cremin Inc;Sunflower Seeds
Cremin Inc;Tarragon
Cremin Inc;Vegetable Oil
Cremin Inc;Baking Powder
Cremin Inc;Bonza
Cremin Inc;Butter
Cremin Inc;Cream Cheese
Cremin Inc;Peas
Cremin Inc;Strawberries
Kling;Camomile
Kling;Flaxseed Oil
Kling;Lychees
Kling;Mastic
Kling;Strawberries
Kling;Coriander Leaves
Kling;Elderberry
Kling;English Spinach
Kling;Oatmeal
Kling;Tinned
Kling;Apple Cider Vinegar
Kling;Loquats
Kling;Pork
Kling;Provolone
Kling;Tarragon
Kling;Baking Powder
Kling;Bean Sprouts
Kling;Cream Cheese
Kling;Pear Juice
Kling;William Pear
Lindgren;Apricots
Lindgren;Kombu
Lindgren;Pecan Nut
Lindgren;Rockmelon
Lindgren;Rye Bread
Lindgren;Tinned
Lindgren;Achacha
Lindgren;Bean Sprouts
Lindgren;Beef
Lindgren;Black Eyed Beans
Lindgren;Bonza
Lindgren;Mahlab
Lindgren;Shark
Lindgren;White Wine
Lindgren;Achacha
Lindgren;Butter
Lindgren;Corn Oil
Lindgren;Taleggio Cheese
Lindgren;Vegetable Stock
Leffler-Huel;Baking Powder
Leffler-Huel;Beef
Leffler-Huel;Corn Oil
Leffler-Huel;Pear Juice
Leffler-Huel;Pecan Nut
Leffler-Huel;Rye Bread
Leffler-Huel;Vegetable Stock
Leffler-Huel;Freekeh
Leffler-Huel;Parsnip
Leffler-Huel;Redfish
Leffler-Huel;Spinach
Leffler-Huel;Strawberries
Leffler-Huel;Chives
Leffler-Huel;Elderberry
Leffler-Huel;Kidneys
Leffler-Huel;Kombu
Leffler-Huel;Saffron
Leffler-Huel;Vegetable Stock
Kulas LLC;Achacha
Kulas LLC;Camomile
Kulas LLC;Nuts
Kulas LLC;Pecan Nut
Kulas LLC;Plums
Kulas LLC;Sunflower Seeds
Kulas LLC;Tarragon
Kulas LLC;Vegetable Oil
Kulas LLC;Apples
Kulas LLC;Baking Powder
Kulas LLC;Extra Virgin Olive Oil
Kulas LLC;Flaxseed Oil
Kulas LLC;Peas
Kulas LLC;Rye Bread
Kulas LLC;Soymilk
Kulas LLC;William Pear
Kulas LLC;Berries
Kulas LLC;Cottage Cheese
Kulas LLC;Nuts
Kulas LLC;Pork
Kulas LLC;Redfish
Kulas LLC;Rockmelon
Kulas LLC;Rye Bread
Kulas LLC;Shark
Kulas LLC;Cardamom
Kulas LLC;Chia Seeds
Kulas LLC;Cream Cheese
Kulas LLC;Green Tea Noodles
Kulas LLC;Lychees
Kulas LLC;Provolone
Kulas LLC;Silverbeet
Kulas LLC;Tamarillo
Lubowitz;Cauliflower
Lubowitz;Cornmeal
Lubowitz;Rice Flour
Lubowitz;Rose Water
Lubowitz;Soymilk
Lubowitz;Butter
Lubowitz;Green Tea Noodles
Lubowitz;Parsnip
Lubowitz;Pork
Lubowitz;Tahini
Lubowitz;Tarragon
Lubowitz;Warehou
Lubowitz;Cardamom
Lubowitz;Chia Seeds
Lubowitz;Cream Cheese
Lubowitz;Green Tea Noodles
Lubowitz;Lychees
Lubowitz;Provolone
Lubowitz;Silverbeet
Lubowitz;Tamarillo
Lubowitz;Baking Powder
Lubowitz;Bonza
Lubowitz;Butter
Lubowitz;Cream Cheese
Lubowitz;Peas
Lubowitz;Strawberries
Lubowitz;Apple Cider Vinegar
Lubowitz;Loquats
Lubowitz;Pork
Lubowitz;Provolone
Lubowitz;Tarragon
Botsford Inc;Ham
Botsford Inc;Kidneys
Botsford Inc;Kombu
Botsford Inc;Tarragon
Botsford Inc;Tinned
Botsford Inc;Black Eyed Beans
Botsford Inc;Freekeh
Botsford Inc;Jasmine Rice
Botsford Inc;Red Cabbage
Botsford Inc;Rockmelon
Botsford Inc;Rose Water
Botsford Inc;Black Eyed Beans
Botsford Inc;Canola Oil
Botsford Inc;Corn Oil
Botsford Inc;Parsnip
Botsford Inc;Pear Juice
Botsford Inc;Sunflower Oil
Botsford Inc;Tahini
Botsford Inc;Vegetable Stock
Botsford Inc;Cardamom
Botsford Inc;Chia Seeds
Botsford Inc;Cream Cheese
Botsford Inc;Green Tea Noodles
Botsford Inc;Lychees
Botsford Inc;Provolone
Botsford Inc;Silverbeet
Botsford Inc;Tamarillo
Botsford Inc;Camomile
Botsford Inc;Flaxseed Oil
Botsford Inc;Lychees
Botsford Inc;Mastic
Botsford Inc;Strawberries
Torp LLC;Cauliflower
Torp LLC;Cornmeal
Torp LLC;Rice Flour
Torp LLC;Rose Water
Torp LLC;Soymilk
Torp LLC;Achacha
Torp LLC;Chia Seeds
Torp LLC;Cream Cheese
Torp LLC;Dried Apricots
Torp LLC;Elderberry
Torp LLC;Loquats
Torp LLC;Apple Cider Vinegar
Torp LLC;Loquats
Torp LLC;Pork
Torp LLC;Provolone
Torp LLC;Tarragon
Blanda and Sons;Bean Sprouts
Blanda and Sons;Extra Virgin Olive Oil
Blanda and Sons;Oatmeal
Blanda and Sons;Provolone
Blanda and Sons;Silverbeet
Blanda and Sons;Soy Beans
Blanda and Sons;Camomile
Blanda and Sons;Flaxseed Oil
Blanda and Sons;Lychees
Blanda and Sons;Mastic
Blanda and Sons;Strawberries
Blanda and Sons;Baking Powder
Blanda and Sons;Beef
Blanda and Sons;Berries
Blanda and Sons;Black Eyed Beans
Blanda and Sons;Feta
Blanda and Sons;Tahini
Blanda and Sons;Achacha
Blanda and Sons;Baking Powder
Blanda and Sons;Black Eyed Beans
Blanda and Sons;Rockmelon
Blanda and Sons;Tapioca Flour
Medhurst-Trantow;Black Eyed Beans
Medhurst-Trantow;Curry Powder
Medhurst-Trantow;Feta
Medhurst-Trantow;Jasmine Rice
Medhurst-Trantow;Soymilk
Medhurst-Trantow;Vegetable Oil
Medhurst-Trantow;Berries
Medhurst-Trantow;Camomile
Medhurst-Trantow;Cinnamon
Medhurst-Trantow;Redfish
Medhurst-Trantow;Rose Water
Medhurst-Trantow;Vegetable Oil
Medhurst-Trantow;Beef
Medhurst-Trantow;Bonza
Medhurst-Trantow;Elderberry
Medhurst-Trantow;Tamarillo
Medhurst-Trantow;Turnips
Medhurst-Trantow;Achacha
Medhurst-Trantow;Cottage Cheese
Medhurst-Trantow;Mahlab
Medhurst-Trantow;Salmon
Medhurst-Trantow;Sunflower Oil
Medhurst-Trantow;Achacha
Medhurst-Trantow;Baking Powder
Medhurst-Trantow;Oatmeal
Medhurst-Trantow;Parsnip
Medhurst-Trantow;Peas
Medhurst-Trantow;Redfish
Medhurst-Trantow;Rice Noodles
Ledner LLC;Baking Powder
Ledner LLC;Beef
Ledner LLC;Berries
Ledner LLC;Black Eyed Beans
Ledner LLC;Feta
Ledner LLC;Tahini
Ledner LLC;Chives
Ledner LLC;Elderberry
Ledner LLC;Kidneys
Ledner LLC;Kombu
Ledner LLC;Saffron
Ledner LLC;Vegetable Stock
Ledner LLC;Bean Sprouts
Ledner LLC;Extra Virgin Olive Oil
Ledner LLC;Oatmeal
Ledner LLC;Provolone
Ledner LLC;Silverbeet
Ledner LLC;Soy Beans
Ledner LLC;Fingerlime
Ledner LLC;Flaxseed Oil
Ledner LLC;Rye Bread
Ledner LLC;Sunflower Oil
Ledner LLC;Tamarillo
Ledner LLC;Baking Powder
Ledner LLC;Bean Sprouts
Ledner LLC;Cream Cheese
Ledner LLC;Pear Juice
Ledner LLC;William Pear
Purdy;Apricots
Purdy;Kombu
Purdy;Pecan Nut
Purdy;Rockmelon
Purdy;Rye Bread
Purdy;Tinned
Purdy;Camomile
Purdy;Loquats
Purdy;Rose Water
Purdy;Saffron
Purdy;Smoked Trout
Purdy;Soy Beans
Purdy;Tapioca Flour
Purdy;Vegetable Oil
Purdy;Black Eyed Beans
Purdy;Curry Powder
Purdy;Feta
Purdy;Jasmine Rice
Purdy;Soymilk
Purdy;Vegetable Oil
Johnson;Achacha
Johnson;Baking Powder
Johnson;Black Eyed Beans
Johnson;Rockmelon
Johnson;Tapioca Flour
Johnson;Butter
Johnson;Green Tea Noodles
Johnson;Parsnip
Johnson;Pork
Johnson;Tahini
Johnson;Tarragon
Johnson;Warehou
Johnson;Flat Mushrooms
Johnson;Nutritional Yeast
Johnson;Peas
Johnson;Redfish
Johnson;Taleggio Cheese
Johnson;Black Eyed Beans
Johnson;Canola Oil
Johnson;Corn Oil
Johnson;Parsnip
Johnson;Pear Juice
Johnson;Sunflower Oil
Johnson;Tahini
Johnson;Vegetable Stock
Mohr;Fingerlime
Mohr;Flaxseed Oil
Mohr;Rye Bread
Mohr;Sunflower Oil
Mohr;Tamarillo
Mohr;Achacha
Mohr;Berries
Mohr;Canola Oil
Mohr;Cornmeal
Mohr;Cream Cheese
Mohr;Mahlab
Mohr;Smoked Trout
Mohr;Soy Beans
Mohr;Black Eyed Beans
Mohr;Curry Powder
Mohr;Feta
Mohr;Jasmine Rice
Mohr;Soymilk
Mohr;Vegetable Oil
Breitenberg Group;Baking Powder
Breitenberg Group;Beef
Breitenberg Group;Corn Oil
Breitenberg Group;Pear Juice
Breitenberg Group;Pecan Nut
Breitenberg Group;Rye Bread
Breitenberg Group;Vegetable Stock
Breitenberg Group;Beef
Breitenberg Group;Black Eyed Beans
Breitenberg Group;Chia Seeds
Breitenberg Group;Nutritional Yeast
Breitenberg Group;Rice Noodles
Breitenberg Group;Taleggio Cheese
Breitenberg Group;Turnips
Breitenberg Group;William Pear
Breitenberg Group;Flat Mushrooms
Breitenberg Group;Nuts
Breitenberg Group;Peas
Breitenberg Group;Soymilk
Breitenberg Group;Spinach
Heaney Inc;Baking Powder
Heaney Inc;Kombu
Heaney Inc;Mahlab
Heaney Inc;Provolone
Heaney Inc;Soymilk
Heaney Inc;Strawberries
Heaney Inc;Tamarillo
Heaney Inc;Tarragon
Heaney Inc;Camomile
Heaney Inc;Loquats
Heaney Inc;Rose Water
Heaney Inc;Saffron
Heaney Inc;Smoked Trout
Heaney Inc;Soy Beans
Heaney Inc;Tapioca Flour
Heaney Inc;Vegetable Oil
Heaney Inc;Ham
Heaney Inc;Lychees
Heaney Inc;Nuts
Heaney Inc;Omega Spread
Heaney Inc;Redfish
Heaney Inc;Rose Water
Heaney Inc;Sunflower Seeds
Heaney Inc;Warehou
Heaney Inc;Dried Apricots
Heaney Inc;Hokkien Noodles
Heaney Inc;Kombu
Heaney Inc;Rockmelon
Heaney Inc;Rye Bread
Heaney Inc;Sunflower Seeds
Heaney Inc;Tahini
Heaney Inc;Tapioca Flour
Heidenreich-Hagenes;Cinnamon
Heidenreich-Hagenes;Cream Cheese
Heidenreich-Hagenes;Parsnip
Heidenreich-Hagenes;Soymilk
Heidenreich-Hagenes;Sunflower Oil
Heidenreich-Hagenes;Tarragon
Heidenreich-Hagenes;Canola Oil
Heidenreich-Hagenes;Fingerlime
Heidenreich-Hagenes;Rice Noodles
Heidenreich-Hagenes;Tahini
Heidenreich-Hagenes;Tarragon
Heidenreich-Hagenes;Beef
Heidenreich-Hagenes;Bonza
Heidenreich-Hagenes;Elderberry
Heidenreich-Hagenes;Tamarillo
Heidenreich-Hagenes;Turnips
Heidenreich-Hagenes;Camomile
Heidenreich-Hagenes;Flaxseed Oil
Heidenreich-Hagenes;Lychees
Heidenreich-Hagenes;Mastic
Heidenreich-Hagenes;Strawberries
Heidenreich-Hagenes;Black Eyed Beans
Heidenreich-Hagenes;Canola Oil
Heidenreich-Hagenes;Corn Oil
Heidenreich-Hagenes;Parsnip
Heidenreich-Hagenes;Pear Juice
Heidenreich-Hagenes;Sunflower Oil
Heidenreich-Hagenes;Tahini
Heidenreich-Hagenes;Vegetable Stock
Hayes;Baking Powder
Hayes;Beef
Hayes;Berries
Hayes;Black Eyed Beans
Hayes;Feta
Hayes;Tahini
Hayes;Freekeh
Hayes;Parsnip
Hayes;Redfish
Hayes;Spinach
Hayes;Strawberries
Hayes;Achacha
Hayes;Black Eyed Beans
Hayes;Cardamom
Hayes;Hokkien Noodles
Hayes;Strawberries
Hayes;Warehou
Hayes;William Pear
Hayes;Camomile
Hayes;Flaxseed Oil
Hayes;Lychees
Hayes;Mastic
Hayes;Strawberries
Pollich Inc;Beef
Pollich Inc;Bonza
Pollich Inc;Elderberry
Pollich Inc;Tamarillo
Pollich Inc;Turnips
Pollich Inc;Achacha
Pollich Inc;Berries
Pollich Inc;Canola Oil
Pollich Inc;Cornmeal
Pollich Inc;Cream Cheese
Pollich Inc;Mahlab
Pollich Inc;Smoked Trout
Pollich Inc;Soy Beans
Pollich Inc;Achacha
Pollich Inc;Baking Powder
Pollich Inc;Black Eyed Beans
Pollich Inc;Rockmelon
Pollich Inc;Tapioca Flour
Pollich Inc;Baking Powder
Pollich Inc;Bonza
Pollich Inc;Butter
Pollich Inc;Cream Cheese
Pollich Inc;Peas
Pollich Inc;Strawberries
Kiehn Group;Berries
Kiehn Group;Camomile
Kiehn Group;Cinnamon
Kiehn Group;Redfish
Kiehn Group;Rose Water
Kiehn Group;Vegetable Oil
Kiehn Group;Corn Oil
Kiehn Group;Ham
Kiehn Group;Kidneys
Kiehn Group;Nutritional Yeast
Kiehn Group;Parsnip
Kiehn Group;Peas
Kiehn Group;Rose Water
Kiehn Group;Shark
Kiehn Group;Bacon
Kiehn Group;Cottage Cheese
Kiehn Group;Flaxseed Oil
Kiehn Group;Rockmelon
Kiehn Group;Silverbeet
Kiehn Group;Tahini
Kiehn Group;Tamarillo
Kiehn Group;Turnips
Kiehn Group;Bacon
Kiehn Group;Cornmeal
Kiehn Group;Ham
Kiehn Group;Jasmine Rice
Kiehn Group;Loquats
Kiehn Group;Pecan Nut
Kiehn Group;Sunflower Oil
Kiehn Group;Achacha
Kiehn Group;Berries
Kiehn Group;Canola Oil
Kiehn Group;Cornmeal
Kiehn Group;Cream Cheese
Kiehn Group;Mahlab
Kiehn Group;Smoked Trout
Kiehn Group;Soy Beans
Langosh-Franecki;Achacha
Langosh-Franecki;Cottage Cheese
Langosh-Franecki;Mahlab
Langosh-Franecki;Salmon
Langosh-Franecki;Sunflower Oil
Langosh-Franecki;Achacha
Langosh-Franecki;Black Eyed Beans
Langosh-Franecki;Cardamom
Langosh-Franecki;Hokkien Noodles
Langosh-Franecki;Strawberries
Langosh-Franecki;Warehou
Langosh-Franecki;William Pear
Langosh-Franecki;Bean Sprouts
Langosh-Franecki;Extra Virgin Olive Oil
Langosh-Franecki;Oatmeal
Langosh-Franecki;Provolone
Langosh-Franecki;Silverbeet
Langosh-Franecki;Soy Beans
Langosh-Franecki;Apricots
Langosh-Franecki;Berries
Langosh-Franecki;Cardamom
Langosh-Franecki;Freekeh
Langosh-Franecki;Lychees
Rogahn-Crist;Coriander Leaves
Rogahn-Crist;Elderberry
Rogahn-Crist;English Spinach
Rogahn-Crist;Oatmeal
Rogahn-Crist;Tinned
Rogahn-Crist;Flat Mushrooms
Rogahn-Crist;Nutritional Yeast
Rogahn-Crist;Peas
Rogahn-Crist;Redfish
Rogahn-Crist;Taleggio Cheese
Rogahn-Crist;Black Eyed Beans
Rogahn-Crist;Curry Powder
Rogahn-Crist;Feta
Rogahn-Crist;Jasmine Rice
Rogahn-Crist;Soymilk
Rogahn-Crist;Vegetable Oil
Kerluke-Armstrong;Chia Seeds
Kerluke-Armstrong;Cornmeal
Kerluke-Armstrong;Extra Virgin Olive Oil
Kerluke-Armstrong;Iceberg Lettuce
Kerluke-Armstrong;Provolone
Kerluke-Armstrong;Tapioca Flour
Kerluke-Armstrong;Achacha
Kerluke-Armstrong;Butter
Kerluke-Armstrong;Corn Oil
Kerluke-Armstrong;Taleggio Cheese
Kerluke-Armstrong;Vegetable Stock
Kerluke-Armstrong;Apricots
Kerluke-Armstrong;Kombu
Kerluke-Armstrong;Pecan Nut
Kerluke-Armstrong;Rockmelon
Kerluke-Armstrong;Rye Bread
Kerluke-Armstrong;Tinned
Feest-Bode;Ham
Feest-Bode;Kidneys
Feest-Bode;Kombu
Feest-Bode;Tarragon
Feest-Bode;Tinned
Feest-Bode;Apple Cider Vinegar
Feest-Bode;Loquats
Feest-Bode;Pork
Feest-Bode;Provolone
Feest-Bode;Tarragon
Feest-Bode;Fingerlime
Feest-Bode;Flaxseed Oil
Feest-Bode;Rye Bread
Feest-Bode;Sunflower Oil
Feest-Bode;Tamarillo
Feest-Bode;Baking Powder
Feest-Bode;Bean Sprouts
Feest-Bode;Cream Cheese
Feest-Bode;Pear Juice
Feest-Bode;William Pear
Quigley-Braun;Achacha
Quigley-Braun;Cottage Cheese
Quigley-Braun;Mahlab
Quigley-Braun;Salmon
Quigley-Braun;Sunflower Oil
Quigley-Braun;Coriander Leaves
Quigley-Braun;Elderberry
Quigley-Braun;English Spinach
Quigley-Braun;Oatmeal
Quigley-Braun;Tinned
Quigley-Braun;Fingerlime
Quigley-Braun;Flaxseed Oil
Quigley-Braun;Rye Bread
Quigley-Braun;Sunflower Oil
Quigley-Braun;Tamarillo
Quigley-Braun;Apples
Quigley-Braun;Butter
Quigley-Braun;Cacao
Quigley-Braun;Corn Oil
Quigley-Braun;Cream Cheese
Quigley-Braun;Oatmeal
Quigley-Braun;Smoked Trout
Quigley-Braun;Soy Beans
Quigley-Braun;Bacon
Quigley-Braun;Cornmeal
Quigley-Braun;Ham
Quigley-Braun;Jasmine Rice
Quigley-Braun;Loquats
Quigley-Braun;Pecan Nut
Quigley-Braun;Sunflower Oil
Sipes;Beef
Sipes;Black Eyed Beans
Sipes;Chia Seeds
Sipes;Nutritional Yeast
Sipes;Rice Noodles
Sipes;Taleggio Cheese
Sipes;Turnips
Sipes;William Pear
Sipes;Apple Cider Vinegar
Sipes;Loquats
Sipes;Pork
Sipes;Provolone
Sipes;Tarragon
Sipes;Ham
Sipes;Kidneys
Sipes;Kombu
Sipes;Tarragon
Sipes;Tinned
Sipes;Achacha
Sipes;Camomile
Sipes;Nuts
Sipes;Pecan Nut
Sipes;Plums
Sipes;Sunflower Seeds
Sipes;Tarragon
Sipes;Vegetable Oil
Sipes;Baking Powder
Sipes;Bonza
Sipes;Butter
Sipes;Cream Cheese
Sipes;Peas
Sipes;Strawberries
Fritsch;Bean Sprouts
Fritsch;Extra Virgin Olive Oil
Fritsch;Oatmeal
Fritsch;Provolone
Fritsch;Silverbeet
Fritsch;Soy Beans
Fritsch;Cauliflower
Fritsch;Chives
Fritsch;Corn Oil
Fritsch;Pecan Nut
Fritsch;Soymilk
Fritsch;Vegetable Oil
Fritsch;Beef
Fritsch;Bonza
Fritsch;Elderberry
Fritsch;Tamarillo
Fritsch;Turnips
Kutch;Beef
Kutch;Bonza
Kutch;Elderberry
Kutch;Tamarillo
Kutch;Turnips
Kutch;Achacha
Kutch;Chia Seeds
Kutch;Cream Cheese
Kutch;Dried Apricots
Kutch;Elderberry
Kutch;Loquats
Kutch;Achacha
Kutch;Baking Powder
Kutch;Oatmeal
Kutch;Parsnip
Kutch;Peas
Kutch;Redfish
Kutch;Rice Noodles
Hane;Flat Mushrooms
Hane;Nutritional Yeast
Hane;Peas
Hane;Redfish
Hane;Taleggio Cheese
Hane;Baking Powder
Hane;Bonza
Hane;Butter
Hane;Cream Cheese
Hane;Peas
Hane;Strawberries
Hane;Baking Powder
Hane;Beef
Hane;Corn Oil
Hane;Pear Juice
Hane;Pecan Nut
Hane;Rye Bread
Hane;Vegetable Stock
Schmeler-Renner;Achacha
Schmeler-Renner;Black Eyed Beans
Schmeler-Renner;Cardamom
Schmeler-Renner;Hokkien Noodles
Schmeler-Renner;Strawberries
Schmeler-Renner;Warehou
Schmeler-Renner;William Pear
Schmeler-Renner;Black Eyed Beans
Schmeler-Renner;Canola Oil
Schmeler-Renner;Corn Oil
Schmeler-Renner;Parsnip
Schmeler-Renner;Pear Juice
Schmeler-Renner;Sunflower Oil
Schmeler-Renner;Tahini
Schmeler-Renner;Vegetable Stock
Schmeler-Renner;Baking Powder
Schmeler-Renner;Beef
Schmeler-Renner;Corn Oil
Schmeler-Renner;Pear Juice
Schmeler-Renner;Pecan Nut
Schmeler-Renner;Rye Bread
Schmeler-Renner;Vegetable Stock
Schmeler-Renner;Bonza
Schmeler-Renner;Cottage Cheese
Schmeler-Renner;Freekeh
Schmeler-Renner;Hokkien Noodles
Schmeler-Renner;Nuts
Schmeler-Renner;Parsnip
Kassulke;Baking Powder
Kassulke;Beef
Kassulke;Berries
Kassulke;Black Eyed Beans
Kassulke;Feta
Kassulke;Tahini
Kassulke;Bacon
Kassulke;Cottage Cheese
Kassulke;Flaxseed Oil
Kassulke;Rockmelon
Kassulke;Silverbeet
Kassulke;Tahini
Kassulke;Tamarillo
Kassulke;Turnips
Kassulke;Flat Mushrooms
Kassulke;Nuts
Kassulke;Peas
Kassulke;Soymilk
Kassulke;Spinach
Kassulke;Apples
Kassulke;Butter
Kassulke;Cacao
Kassulke;Corn Oil
Kassulke;Cream Cheese
Kassulke;Oatmeal
Kassulke;Smoked Trout
Kassulke;Soy Beans
Lowe-McCullough;Cardamom
Lowe-McCullough;Chia Seeds
Lowe-McCullough;Cream Cheese
Lowe-McCullough;Green Tea Noodles
Lowe-McCullough;Lychees
Lowe-McCullough;Provolone
Lowe-McCullough;Silverbeet
Lowe-McCullough;Tamarillo
Lowe-McCullough;Baking Powder
Lowe-McCullough;Bonza
Lowe-McCullough;Butter
Lowe-McCullough;Cream Cheese
Lowe-McCullough;Peas
Lowe-McCullough;Strawberries
Lowe-McCullough;Achacha
Lowe-McCullough;Berries
Lowe-McCullough;Canola Oil
Lowe-McCullough;Cornmeal
Lowe-McCullough;Cream Cheese
Lowe-McCullough;Mahlab
Lowe-McCullough;Smoked Trout
Lowe-McCullough;Soy Beans
Zieme Inc;Canola Oil
Zieme Inc;Fingerlime
Zieme Inc;Rice Noodles
Zieme Inc;Tahini
Zieme Inc;Tarragon
Zieme Inc;Beef
Zieme Inc;Elderberry
Zieme Inc;Flat Mushrooms
Zieme Inc;Nutritional Yeast
Zieme Inc;Pecan Nut
Zieme Inc;Pork
Zieme Inc;Smoked Trout
Zieme Inc;Vegetable Stock
Zieme Inc;Cauliflower
Zieme Inc;Cornmeal
Zieme Inc;Rice Flour
Zieme Inc;Rose Water
Zieme Inc;Soymilk
Zieme Inc;Freekeh
Zieme Inc;Parsnip
Zieme Inc;Redfish
Zieme Inc;Spinach
Zieme Inc;Strawberries
Zieme Inc;Ham
Zieme Inc;Lychees
Zieme Inc;Nuts
Zieme Inc;Omega Spread
Zieme Inc;Redfish
Zieme Inc;Rose Water
Zieme Inc;Sunflower Seeds
Zieme Inc;Warehou
Dickens-Ortiz;Freekeh
Dickens-Ortiz;Parsnip
Dickens-Ortiz;Redfish
Dickens-Ortiz;Spinach
Dickens-Ortiz;Strawberries
Dickens-Ortiz;Camomile
Dickens-Ortiz;Loquats
Dickens-Ortiz;Rose Water
Dickens-Ortiz;Saffron
Dickens-Ortiz;Smoked Trout
Dickens-Ortiz;Soy Beans
Dickens-Ortiz;Tapioca Flour
Dickens-Ortiz;Vegetable Oil
Dickens-Ortiz;Achacha
Dickens-Ortiz;Bonza
Dickens-Ortiz;Corn Oil
Dickens-Ortiz;Cottage Cheese
Dickens-Ortiz;Dried Apricots
Dickens-Ortiz;Omega Spread
Dickens-Ortiz;Pork
Dickens-Ortiz;Tinned
Wolff-Cartwright;Black Eyed Beans
Wolff-Cartwright;Curry Powder
Wolff-Cartwright;Feta
Wolff-Cartwright;Jasmine Rice
Wolff-Cartwright;Soymilk
Wolff-Cartwright;Vegetable Oil
Wolff-Cartwright;Cinnamon
Wolff-Cartwright;Cream Cheese
Wolff-Cartwright;Parsnip
Wolff-Cartwright;Soymilk
Wolff-Cartwright;Sunflower Oil
Wolff-Cartwright;Tarragon
Wolff-Cartwright;Baking Powder
Wolff-Cartwright;Bean Sprouts
Wolff-Cartwright;Cream Cheese
Wolff-Cartwright;Pear Juice
Wolff-Cartwright;William Pear
Wolff-Cartwright;Baking Powder
Wolff-Cartwright;Beef
Wolff-Cartwright;Corn Oil
Wolff-Cartwright;Pear Juice
Wolff-Cartwright;Pecan Nut
Wolff-Cartwright;Rye Bread
Wolff-Cartwright;Vegetable Stock
Wolff-Cartwright;Achacha
Wolff-Cartwright;Camomile
Wolff-Cartwright;Nuts
Wolff-Cartwright;Pecan Nut
Wolff-Cartwright;Plums
Wolff-Cartwright;Sunflower Seeds
Wolff-Cartwright;Tarragon
Wolff-Cartwright;Vegetable Oil
Leannon;Black Eyed Beans
Leannon;Curry Powder
Leannon;Feta
Leannon;Jasmine Rice
Leannon;Soymilk
Leannon;Vegetable Oil
Leannon;Bacon
Leannon;Cottage Cheese
Leannon;Flaxseed Oil
Leannon;Rockmelon
Leannon;Silverbeet
Leannon;Tahini
Leannon;Tamarillo
Leannon;Turnips
Leannon;Achacha
Leannon;Cottage Cheese
Leannon;Mahlab
Leannon;Salmon
Leannon;Sunflower Oil
Leannon;Beef
Leannon;Bonza
Leannon;Elderberry
Leannon;Tamarillo
Leannon;Turnips
Blick-Bartell;Baking Powder
Blick-Bartell;Beef
Blick-Bartell;Berries
Blick-Bartell;Black Eyed Beans
Blick-Bartell;Feta
Blick-Bartell;Tahini
Blick-Bartell;Cauliflower
Blick-Bartell;Cornmeal
Blick-Bartell;Rice Flour
Blick-Bartell;Rose Water
Blick-Bartell;Soymilk
Blick-Bartell;Achacha
Blick-Bartell;Baking Powder
Blick-Bartell;Oatmeal
Blick-Bartell;Parsnip
Blick-Bartell;Peas
Blick-Bartell;Redfish
Blick-Bartell;Rice Noodles
Blick-Bartell;Chia Seeds
Blick-Bartell;Cornmeal
Blick-Bartell;Extra Virgin Olive Oil
Blick-Bartell;Iceberg Lettuce
Blick-Bartell;Provolone
Blick-Bartell;Tapioca Flour
Blick-Bartell;Baking Powder
Blick-Bartell;Bonza
Blick-Bartell;Butter
Blick-Bartell;Cream Cheese
Blick-Bartell;Peas
Blick-Bartell;Strawberries
Schinner Group;Flat Mushrooms
Schinner Group;Nutritional Yeast
Schinner Group;Peas
Schinner Group;Redfish
Schinner Group;Taleggio Cheese
Schinner Group;Freekeh
Schinner Group;Parsnip
Schinner Group;Redfish
Schinner Group;Spinach
Schinner Group;Strawberries
Schinner Group;Bonza
Schinner Group;Cottage Cheese
Schinner Group;Freekeh
Schinner Group;Hokkien Noodles
Schinner Group;Nuts
Schinner Group;Parsnip
Schinner Group;Cinnamon
Schinner Group;Cream Cheese
Schinner Group;Parsnip
Schinner Group;Soymilk
Schinner Group;Sunflower Oil
Schinner Group;Tarragon
Berge-Parker;Baking Powder
Berge-Parker;Beef
Berge-Parker;Corn Oil
Berge-Parker;Pear Juice
Berge-Parker;Pecan Nut
Berge-Parker;Rye Bread
Berge-Parker;Vegetable Stock
Berge-Parker;Canola Oil
Berge-Parker;Coriander Leaves
Berge-Parker;Curry Powder
Berge-Parker;Pecan Nut
Berge-Parker;Soy Beans
Berge-Parker;Tarragon
Berge-Parker;Fingerlime
Berge-Parker;Flaxseed Oil
Berge-Parker;Rye Bread
Berge-Parker;Sunflower Oil
Berge-Parker;Tamarillo
Berge-Parker;Beef
Berge-Parker;Elderberry
Berge-Parker;Flat Mushrooms
Berge-Parker;Nutritional Yeast
Berge-Parker;Pecan Nut
Berge-Parker;Pork
Berge-Parker;Smoked Trout
Berge-Parker;Vegetable Stock
Berge-Parker;Camomile
Berge-Parker;Loquats
Berge-Parker;Rose Water
Berge-Parker;Saffron
Berge-Parker;Smoked Trout
Berge-Parker;Soy Beans
Berge-Parker;Tapioca Flour
Berge-Parker;Vegetable Oil
Rempel and Sons;Achacha
Rempel and Sons;Bonza
Rempel and Sons;Corn Oil
Rempel and Sons;Cottage Cheese
Rempel and Sons;Dried Apricots
Rempel and Sons;Omega Spread
Rempel and Sons;Pork
Rempel and Sons;Tinned
Rempel and Sons;Camomile
Rempel and Sons;Loquats
Rempel and Sons;Rose Water
Rempel and Sons;Saffron
Rempel and Sons;Smoked Trout
Rempel and Sons;Soy Beans
Rempel and Sons;Tapioca Flour
Rempel and Sons;Vegetable Oil
Rempel and Sons;Flat Mushrooms
Rempel and Sons;Nuts
Rempel and Sons;Peas
Rempel and Sons;Soymilk
Rempel and Sons;Spinach
Rempel and Sons;Baking Powder
Rempel and Sons;Kombu
Rempel and Sons;Mahlab
Rempel and Sons;Provolone
Rempel and Sons;Soymilk
Rempel and Sons;Strawberries
Rempel and Sons;Tamarillo
Rempel and Sons;Tarragon
Fadel-Jast;Achacha
Fadel-Jast;Baking Powder
Fadel-Jast;Black Eyed Beans
Fadel-Jast;Rockmelon
Fadel-Jast;Tapioca Flour
Fadel-Jast;Dried Apricots
Fadel-Jast;Hokkien Noodles
Fadel-Jast;Kombu
Fadel-Jast;Rockmelon
Fadel-Jast;Rye Bread
Fadel-Jast;Sunflower Seeds
Fadel-Jast;Tahini
Fadel-Jast;Tapioca Flour
Fadel-Jast;Apricots
Fadel-Jast;Berries
Fadel-Jast;Cardamom
Fadel-Jast;Freekeh
Fadel-Jast;Lychees
Fadel-Jast;Freekeh
Fadel-Jast;Parsnip
Fadel-Jast;Redfish
Fadel-Jast;Spinach
Fadel-Jast;Strawberries
Cruickshank-Franecki;Apples
Cruickshank-Franecki;Butter
Cruickshank-Franecki;Cacao
Cruickshank-Franecki;Corn Oil
Cruickshank-Franecki;Cream Cheese
Cruickshank-Franecki;Oatmeal
Cruickshank-Franecki;Smoked Trout
Cruickshank-Franecki;Soy Beans
Cruickshank-Franecki;Baking Powder
Cruickshank-Franecki;Bean Sprouts
Cruickshank-Franecki;Cream Cheese
Cruickshank-Franecki;Pear Juice
Cruickshank-Franecki;William Pear
Cruickshank-Franecki;Baking Powder
Cruickshank-Franecki;Kombu
Cruickshank-Franecki;Mahlab
Cruickshank-Franecki;Provolone
Cruickshank-Franecki;Soymilk
Cruickshank-Franecki;Strawberries
Cruickshank-Franecki;Tamarillo
Cruickshank-Franecki;Tarragon
Labadie-Runolfsson;Black Eyed Beans
Labadie-Runolfsson;Curry Powder
Labadie-Runolfsson;Feta
Labadie-Runolfsson;Jasmine Rice
Labadie-Runolfsson;Soymilk
Labadie-Runolfsson;Vegetable Oil
Labadie-Runolfsson;Beef
Labadie-Runolfsson;Black Eyed Beans
Labadie-Runolfsson;Chia Seeds
Labadie-Runolfsson;Nutritional Yeast
Labadie-Runolfsson;Rice Noodles
Labadie-Runolfsson;Taleggio Cheese
Labadie-Runolfsson;Turnips
Labadie-Runolfsson;William Pear
Labadie-Runolfsson;Achacha
Labadie-Runolfsson;Chia Seeds
Labadie-Runolfsson;Cream Cheese
Labadie-Runolfsson;Dried Apricots
Labadie-Runolfsson;Elderberry
Labadie-Runolfsson;Loquats
Labadie-Runolfsson;Corn Oil
Labadie-Runolfsson;Ham
Labadie-Runolfsson;Kidneys
Labadie-Runolfsson;Nutritional Yeast
Labadie-Runolfsson;Parsnip
Labadie-Runolfsson;Peas
Labadie-Runolfsson;Rose Water
Labadie-Runolfsson;Shark
Cole Group;Achacha
Cole Group;Camomile
Cole Group;Nuts
Cole Group;Pecan Nut
Cole Group;Plums
Cole Group;Sunflower Seeds
Cole Group;Tarragon
Cole Group;Vegetable Oil
Cole Group;Camomile
Cole Group;Flaxseed Oil
Cole Group;Lychees
Cole Group;Mastic
Cole Group;Strawberries
Cole Group;Apples
Cole Group;Apricots
Cole Group;Cornmeal
Cole Group;Pear Juice
Cole Group;Plums
Cole Group;Silverbeet
Cole Group;Wakame
Cole Group;Freekeh
Cole Group;Parsnip
Cole Group;Redfish
Cole Group;Spinach
Cole Group;Strawberries
Cole Group;Apples
Cole Group;Baking Powder
Cole Group;Extra Virgin Olive Oil
Cole Group;Flaxseed Oil
Cole Group;Peas
Cole Group;Rye Bread
Cole Group;Soymilk
Cole Group;William Pear
Bosco-Bayer;Flat Mushrooms
Bosco-Bayer;Nuts
Bosco-Bayer;Peas
Bosco-Bayer;Soymilk
Bosco-Bayer;Spinach
Bosco-Bayer;Apricots
Bosco-Bayer;Kombu
Bosco-Bayer;Pecan Nut
Bosco-Bayer;Rockmelon
Bosco-Bayer;Rye Bread
Bosco-Bayer;Tinned
Bosco-Bayer;Baking Powder
Bosco-Bayer;Bean Sprouts
Bosco-Bayer;Cream Cheese
Bosco-Bayer;Pear Juice
Bosco-Bayer;William Pear
Bosco-Bayer;Chives
Bosco-Bayer;Elderberry
Bosco-Bayer;Kidneys
Bosco-Bayer;Kombu
Bosco-Bayer;Saffron
Bosco-Bayer;Vegetable Stock
Reilly-Ebert;Black Eyed Beans
Reilly-Ebert;Curry Powder
Reilly-Ebert;Feta
Reilly-Ebert;Jasmine Rice
Reilly-Ebert;Soymilk
Reilly-Ebert;Vegetable Oil
Reilly-Ebert;Camomile
Reilly-Ebert;Flaxseed Oil
Reilly-Ebert;Lychees
Reilly-Ebert;Mastic
Reilly-Ebert;Strawberries
Reilly-Ebert;Baking Powder
Reilly-Ebert;Bean Sprouts
Reilly-Ebert;Cream Cheese
Reilly-Ebert;Pear Juice
Reilly-Ebert;William Pear
Pagac;Freekeh
Pagac;Parsnip
Pagac;Redfish
Pagac;Spinach
Pagac;Strawberries
Pagac;Berries
Pagac;Cottage Cheese
Pagac;Nuts
Pagac;Pork
Pagac;Redfish
Pagac;Rockmelon
Pagac;Rye Bread
Pagac;Shark
Pagac;Ham
Pagac;Kidneys
Pagac;Kombu
Pagac;Tarragon
Pagac;Tinned
Murazik;Apples
Murazik;Butter
Murazik;Cacao
Murazik;Corn Oil
Murazik;Cream Cheese
Murazik;Oatmeal
Murazik;Smoked Trout
Murazik;Soy Beans
Murazik;Camomile
Murazik;Flaxseed Oil
Murazik;Lychees
Murazik;Mastic
Murazik;Strawberries
Murazik;Achacha
Murazik;Berries
Murazik;Canola Oil
Murazik;Cornmeal
Murazik;Cream Cheese
Murazik;Mahlab
Murazik;Smoked Trout
Murazik;Soy Beans
Murazik;Baking Powder
Murazik;Bonza
Murazik;Butter
Murazik;Cream Cheese
Murazik;Peas
Murazik;Strawberries
Murazik;Baking Powder
Murazik;Kombu
Murazik;Mahlab
Murazik;Provolone
Murazik;Soymilk
Murazik;Strawberries
Murazik;Tamarillo
Murazik;Tarragon
Feil LLC;Cardamom
Feil LLC;Chia Seeds
Feil LLC;Cream Cheese
Feil LLC;Green Tea Noodles
Feil LLC;Lychees
Feil LLC;Provolone
Feil LLC;Silverbeet
Feil LLC;Tamarillo
Feil LLC;Apple Cider Vinegar
Feil LLC;Loquats
Feil LLC;Pork
Feil LLC;Provolone
Feil LLC;Tarragon
Feil LLC;Berries
Feil LLC;Cottage Cheese
Feil LLC;Nuts
Feil LLC;Pork
Feil LLC;Redfish
Feil LLC;Rockmelon
Feil LLC;Rye Bread
Feil LLC;Shark
Feil LLC;Camomile
Feil LLC;Flaxseed Oil
Feil LLC;Lychees
Feil LLC;Mastic
Feil LLC;Strawberries
Feil LLC;Ham
Feil LLC;Kidneys
Feil LLC;Kombu
Feil LLC;Tarragon
Feil LLC;Tinned
Leffler-Aufderhar;Cauliflower
Leffler-Aufderhar;Chives
Leffler-Aufderhar;Corn Oil
Leffler-Aufderhar;Pecan Nut
Leffler-Aufderhar;Soymilk
Leffler-Aufderhar;Vegetable Oil
Leffler-Aufderhar;Fingerlime
Leffler-Aufderhar;Flaxseed Oil
Leffler-Aufderhar;Rye Bread
Leffler-Aufderhar;Sunflower Oil
Leffler-Aufderhar;Tamarillo
Leffler-Aufderhar;Black Eyed Beans
Leffler-Aufderhar;Canola Oil
Leffler-Aufderhar;Corn Oil
Leffler-Aufderhar;Parsnip
Leffler-Aufderhar;Pear Juice
Leffler-Aufderhar;Sunflower Oil
Leffler-Aufderhar;Tahini
Leffler-Aufderhar;Vegetable Stock
Leffler-Aufderhar;Achacha
Leffler-Aufderhar;Butter
Leffler-Aufderhar;Corn Oil
Leffler-Aufderhar;Taleggio Cheese
Leffler-Aufderhar;Vegetable Stock
Cummings;Apricots
Cummings;Kombu
Cummings;Pecan Nut
Cummings;Rockmelon
Cummings;Rye Bread
Cummings;Tinned
Cummings;Bonza
Cummings;Cottage Cheese
Cummings;Freekeh
Cummings;Hokkien Noodles
Cummings;Nuts
Cummings;Parsnip
Cummings;Canola Oil
Cummings;Fingerlime
Cummings;Rice Noodles
Cummings;Tahini
Cummings;Tarragon
Cummings;Baking Powder
Cummings;Bean Sprouts
Cummings;Cream Cheese
Cummings;Pear Juice
Cummings;William Pear
Bruen-Jaskolski;Black Eyed Beans
Bruen-Jaskolski;Canola Oil
Bruen-Jaskolski;Corn Oil
Bruen-Jaskolski;Parsnip
Bruen-Jaskolski;Pear Juice
Bruen-Jaskolski;Sunflower Oil
Bruen-Jaskolski;Tahini
Bruen-Jaskolski;Vegetable Stock
Bruen-Jaskolski;Ham
Bruen-Jaskolski;Kidneys
Bruen-Jaskolski;Kombu
Bruen-Jaskolski;Tarragon
Bruen-Jaskolski;Tinned
Bruen-Jaskolski;Camomile
Bruen-Jaskolski;Flaxseed Oil
Bruen-Jaskolski;Lychees
Bruen-Jaskolski;Mastic
Bruen-Jaskolski;Strawberries
Bruen-Jaskolski;Bacon
Bruen-Jaskolski;Cottage Cheese
Bruen-Jaskolski;Flaxseed Oil
Bruen-Jaskolski;Rockmelon
Bruen-Jaskolski;Silverbeet
Bruen-Jaskolski;Tahini
Bruen-Jaskolski;Tamarillo
Bruen-Jaskolski;Turnips
Murphy;Achacha
Murphy;Bean Sprouts
Murphy;Beef
Murphy;Black Eyed Beans
Murphy;Bonza
Murphy;Mahlab
Murphy;Shark
Murphy;White Wine
Murphy;Baking Powder
Murphy;Bean Sprouts
Murphy;Cream Cheese
Murphy;Pear Juice
Murphy;William Pear
Murphy;Black Eyed Beans
Murphy;Freekeh
Murphy;Jasmine Rice
Murphy;Red Cabbage
Murphy;Rockmelon
Murphy;Rose Water
Murphy;Bean Sprouts
Murphy;Extra Virgin Olive Oil
Murphy;Oatmeal
Murphy;Provolone
Murphy;Silverbeet
Murphy;Soy Beans
Murphy;Dried Apricots
Murphy;Hokkien Noodles
Murphy;Kombu
Murphy;Rockmelon
Murphy;Rye Bread
Murphy;Sunflower Seeds
Murphy;Tahini
Murphy;Tapioca Flour
Medhurst;Chia Seeds
Medhurst;Cornmeal
Medhurst;Extra Virgin Olive Oil
Medhurst;Iceberg Lettuce
Medhurst;Provolone
Medhurst;Tapioca Flour
Medhurst;Achacha
Medhurst;Cottage Cheese
Medhurst;Mahlab
Medhurst;Salmon
Medhurst;Sunflower Oil
Medhurst;Cauliflower
Medhurst;Cornmeal
Medhurst;Rice Flour
Medhurst;Rose Water
Medhurst;Soymilk
Medhurst;Cauliflower
Medhurst;Chives
Medhurst;Corn Oil
Medhurst;Pecan Nut
Medhurst;Soymilk
Medhurst;Vegetable Oil
Bahringer LLC;Apples
Bahringer LLC;Butter
Bahringer LLC;Cacao
Bahringer LLC;Corn Oil
Bahringer LLC;Cream Cheese
Bahringer LLC;Oatmeal
Bahringer LLC;Smoked Trout
Bahringer LLC;Soy Beans
Bahringer LLC;Baking Powder
Bahringer LLC;Bonza
Bahringer LLC;Butter
Bahringer LLC;Cream Cheese
Bahringer LLC;Peas
Bahringer LLC;Strawberries
Bahringer LLC;Apples
Bahringer LLC;Baking Powder
Bahringer LLC;Extra Virgin Olive Oil
Bahringer LLC;Flaxseed Oil
Bahringer LLC;Peas
Bahringer LLC;Rye Bread
Bahringer LLC;Soymilk
Bahringer LLC;William Pear
Kunze Inc;Baking Powder
Kunze Inc;Kombu
Kunze Inc;Mahlab
Kunze Inc;Provolone
Kunze Inc;Soymilk
Kunze Inc;Strawberries
Kunze Inc;Tamarillo
Kunze Inc;Tarragon
Kunze Inc;Cardamom
Kunze Inc;Chia Seeds
Kunze Inc;Cream Cheese
Kunze Inc;Green Tea Noodles
Kunze Inc;Lychees
Kunze Inc;Provolone
Kunze Inc;Silverbeet
Kunze Inc;Tamarillo
Kunze Inc;Bean Sprouts
Kunze Inc;Extra Virgin Olive Oil
Kunze Inc;Oatmeal
Kunze Inc;Provolone
Kunze Inc;Silverbeet
Kunze Inc;Soy Beans
Kunze Inc;Beef
Kunze Inc;Black Eyed Beans
Kunze Inc;Chia Seeds
Kunze Inc;Nutritional Yeast
Kunze Inc;Rice Noodles
Kunze Inc;Taleggio Cheese
Kunze Inc;Turnips
Kunze Inc;William Pear
Deckow-Kihn;Black Eyed Beans
Deckow-Kihn;Freekeh
Deckow-Kihn;Jasmine Rice
Deckow-Kihn;Red Cabbage
Deckow-Kihn;Rockmelon
Deckow-Kihn;Rose Water
Deckow-Kihn;Ham
Deckow-Kihn;Lychees
Deckow-Kihn;Nuts
Deckow-Kihn;Omega Spread
Deckow-Kihn;Redfish
Deckow-Kihn;Rose Water
Deckow-Kihn;Sunflower Seeds
Deckow-Kihn;Warehou
Deckow-Kihn;Baking Powder
Deckow-Kihn;Beef
Deckow-Kihn;Berries
Deckow-Kihn;Black Eyed Beans
Deckow-Kihn;Feta
Deckow-Kihn;Tahini
Deckow-Kihn;Ham
Deckow-Kihn;Kidneys
Deckow-Kihn;Kombu
Deckow-Kihn;Tarragon
Deckow-Kihn;Tinned
Becker;Bacon
Becker;Cottage Cheese
Becker;Flaxseed Oil
Becker;Rockmelon
Becker;Silverbeet
Becker;Tahini
Becker;Tamarillo
Becker;Turnips
Becker;Black Eyed Beans
Becker;Curry Powder
Becker;Feta
Becker;Jasmine Rice
Becker;Soymilk
Becker;Vegetable Oil
Becker;Bacon
Becker;Cornmeal
Becker;Ham
Becker;Jasmine Rice
Becker;Loquats
Becker;Pecan Nut
Becker;Sunflower Oil
Becker;Achacha
Becker;Berries
Becker;Canola Oil
Becker;Cornmeal
Becker;Cream Cheese
Becker;Mahlab
Becker;Smoked Trout
Becker;Soy Beans
Nienow LLC;Beef
Nienow LLC;Black Eyed Beans
Nienow LLC;Chia Seeds
Nienow LLC;Nutritional Yeast
Nienow LLC;Rice Noodles
Nienow LLC;Taleggio Cheese
Nienow LLC;Turnips
Nienow LLC;William Pear
Nienow LLC;Achacha
Nienow LLC;Bean Sprouts
Nienow LLC;Beef
Nienow LLC;Black Eyed Beans
Nienow LLC;Bonza
Nienow LLC;Mahlab
Nienow LLC;Shark
Nienow LLC;White Wine
Nienow LLC;Apples
Nienow LLC;Apricots
Nienow LLC;Cornmeal
Nienow LLC;Pear Juice
Nienow LLC;Plums
Nienow LLC;Silverbeet
Nienow LLC;Wakame
Nienow LLC;Baking Powder
Nienow LLC;Kombu
Nienow LLC;Mahlab
Nienow LLC;Provolone
Nienow LLC;Soymilk
Nienow LLC;Strawberries
Nienow LLC;Tamarillo
Nienow LLC;Tarragon
Nienow LLC;Baking Powder
Nienow LLC;Bean Sprouts
Nienow LLC;Cream Cheese
Nienow LLC;Pear Juice
Nienow LLC;William Pear
Skiles Group;Baking Powder
Skiles Group;Bonza
Skiles Group;Butter
Skiles Group;Cream Cheese
Skiles Group;Peas
Skiles Group;Strawberries
Skiles Group;Apples
Skiles Group;Apricots
Skiles Group;Cornmeal
Skiles Group;Pear Juice
Skiles Group;Plums
Skiles Group;Silverbeet
Skiles Group;Wakame
Skiles Group;Cardamom
Skiles Group;Chia Seeds
Skiles Group;Cream Cheese
Skiles Group;Green Tea Noodles
Skiles Group;Lychees
Skiles Group;Provolone
Skiles Group;Silverbeet
Skiles Group;Tamarillo
Skiles Group;Ham
Skiles Group;Kidneys
Skiles Group;Kombu
Skiles Group;Tarragon
Skiles Group;Tinned
Sporer Group;Bonza
Sporer Group;Cottage Cheese
Sporer Group;Freekeh
Sporer Group;Hokkien Noodles
Sporer Group;Nuts
Sporer Group;Parsnip
Sporer Group;Cauliflower
Sporer Group;Cornmeal
Sporer Group;Rice Flour
Sporer Group;Rose Water
Sporer Group;Soymilk
Sporer Group;Bean Sprouts
Sporer Group;Extra Virgin Olive Oil
Sporer Group;Oatmeal
Sporer Group;Provolone
Sporer Group;Silverbeet
Sporer Group;Soy Beans
Sporer Group;Apple Cider Vinegar
Sporer Group;Loquats
Sporer Group;Pork
Sporer Group;Provolone
Sporer Group;Tarragon
Sporer Group;Cinnamon
Sporer Group;Cream Cheese
Sporer Group;Parsnip
Sporer Group;Soymilk
Sporer Group;Sunflower Oil
Sporer Group;Tarragon
Koelpin;Achacha
Koelpin;Baking Powder
Koelpin;Black Eyed Beans
Koelpin;Rockmelon
Koelpin;Tapioca Flour
Koelpin;Camomile
Koelpin;Flaxseed Oil
Koelpin;Lychees
Koelpin;Mastic
Koelpin;Strawberries
Koelpin;Fingerlime
Koelpin;Flaxseed Oil
Koelpin;Rye Bread
Koelpin;Sunflower Oil
Koelpin;Tamarillo
Koelpin;Achacha
Koelpin;Black Eyed Beans
Koelpin;Cardamom
Koelpin;Hokkien Noodles
Koelpin;Strawberries
Koelpin;Warehou
Koelpin;William Pear
Koelpin;Achacha
Koelpin;Bonza
Koelpin;Corn Oil
Koelpin;Cottage Cheese
Koelpin;Dried Apricots
Koelpin;Omega Spread
Koelpin;Pork
Koelpin;Tinned
Altenwerth and Sons;Berries
Altenwerth and Sons;Cottage Cheese
Altenwerth and Sons;Nuts
Altenwerth and Sons;Pork
Altenwerth and Sons;Redfish
Altenwerth and Sons;Rockmelon
Altenwerth and Sons;Rye Bread
Altenwerth and Sons;Shark
Altenwerth and Sons;Dried Apricots
Altenwerth and Sons;Hokkien Noodles
Altenwerth and Sons;Kombu
Altenwerth and Sons;Rockmelon
Altenwerth and Sons;Rye Bread
Altenwerth and Sons;Sunflower Seeds
Altenwerth and Sons;Tahini
Altenwerth and Sons;Tapioca Flour
Altenwerth and Sons;Apple Cider Vinegar
Altenwerth and Sons;Loquats
Altenwerth and Sons;Pork
Altenwerth and Sons;Provolone
Altenwerth and Sons;Tarragon
Altenwerth and Sons;Butter
Altenwerth and Sons;Green Tea Noodles
Altenwerth and Sons;Parsnip
Altenwerth and Sons;Pork
Altenwerth and Sons;Tahini
Altenwerth and Sons;Tarragon
Altenwerth and Sons;Warehou
Aufderhar;Flat Mushrooms
Aufderhar;Nuts
Aufderhar;Peas
Aufderhar;Soymilk
Aufderhar;Spinach
Aufderhar;Cauliflower
Aufderhar;Cornmeal
Aufderhar;Rice Flour
Aufderhar;Rose Water
Aufderhar;Soymilk
Aufderhar;Cardamom
Aufderhar;Chia Seeds
Aufderhar;Cream Cheese
Aufderhar;Green Tea Noodles
Aufderhar;Lychees
Aufderhar;Provolone
Aufderhar;Silverbeet
Aufderhar;Tamarillo
Aufderhar;Black Eyed Beans
Aufderhar;Canola Oil
Aufderhar;Corn Oil
Aufderhar;Parsnip
Aufderhar;Pear Juice
Aufderhar;Sunflower Oil
Aufderhar;Tahini
Aufderhar;Vegetable Stock
Aufderhar;Achacha
Aufderhar;Camomile
Aufderhar;Nuts
Aufderhar;Pecan Nut
Aufderhar;Plums
Aufderhar;Sunflower Seeds
Aufderhar;Tarragon
Aufderhar;Vegetable Oil
Heaney - Robel and Witting;Freekeh
Heaney - Robel and Witting;Parsnip
Heaney - Robel and Witting;Redfish
Heaney - Robel and Witting;Spinach
Heaney - Robel and Witting;Strawberries
Heaney - Robel and Witting;Achacha
Heaney - Robel and Witting;Black Eyed Beans
Heaney - Robel and Witting;Cardamom
Heaney - Robel and Witting;Hokkien Noodles
Heaney - Robel and Witting;Strawberries
Heaney - Robel and Witting;Warehou
Heaney - Robel and Witting;William Pear
Heaney - Robel and Witting;Berries
Heaney - Robel and Witting;Cottage Cheese
Heaney - Robel and Witting;Nuts
Heaney - Robel and Witting;Pork
Heaney - Robel and Witting;Redfish
Heaney - Robel and Witting;Rockmelon
Heaney - Robel and Witting;Rye Bread
Heaney - Robel and Witting;Shark
Heaney - Robel and Witting;Black Eyed Beans
Heaney - Robel and Witting;Freekeh
Heaney - Robel and Witting;Jasmine Rice
Heaney - Robel and Witting;Red Cabbage
Heaney - Robel and Witting;Rockmelon
Heaney - Robel and Witting;Rose Water
Heaney - Robel and Witting;Black Eyed Beans
Heaney - Robel and Witting;Canola Oil
Heaney - Robel and Witting;Corn Oil
Heaney - Robel and Witting;Parsnip
Heaney - Robel and Witting;Pear Juice
Heaney - Robel and Witting;Sunflower Oil
Heaney - Robel and Witting;Tahini
Heaney - Robel and Witting;Vegetable Stock
Herman;Beef
Herman;Bonza
Herman;Elderberry
Herman;Tamarillo
Herman;Turnips
Herman;Flat Mushrooms
Herman;Nuts
Herman;Peas
Herman;Soymilk
Herman;Spinach
Herman;Baking Powder
Herman;Kombu
Herman;Mahlab
Herman;Provolone
Herman;Soymilk
Herman;Strawberries
Herman;Tamarillo
Herman;Tarragon
Herman;Coriander Leaves
Herman;Elderberry
Herman;English Spinach
Herman;Oatmeal
Herman;Tinned
Herman;Cauliflower
Herman;Cornmeal
Herman;Rice Flour
Herman;Rose Water
Herman;Soymilk
Schaden LLC;Black Eyed Beans
Schaden LLC;Freekeh
Schaden LLC;Jasmine Rice
Schaden LLC;Red Cabbage
Schaden LLC;Rockmelon
Schaden LLC;Rose Water
Schaden LLC;Bean Sprouts
Schaden LLC;Extra Virgin Olive Oil
Schaden LLC;Oatmeal
Schaden LLC;Provolone
Schaden LLC;Silverbeet
Schaden LLC;Soy Beans
Schaden LLC;Ham
Schaden LLC;Lychees
Schaden LLC;Nuts
Schaden LLC;Omega Spread
Schaden LLC;Redfish
Schaden LLC;Rose Water
Schaden LLC;Sunflower Seeds
Schaden LLC;Warehou
Schaden LLC;Achacha
Schaden LLC;Black Eyed Beans
Schaden LLC;Cardamom
Schaden LLC;Hokkien Noodles
Schaden LLC;Strawberries
Schaden LLC;Warehou
Schaden LLC;William Pear
Braun-Wunsch;Cinnamon
Braun-Wunsch;Cream Cheese
Braun-Wunsch;Parsnip
Braun-Wunsch;Soymilk
Braun-Wunsch;Sunflower Oil
Braun-Wunsch;Tarragon
Braun-Wunsch;Bacon
Braun-Wunsch;Cottage Cheese
Braun-Wunsch;Flaxseed Oil
Braun-Wunsch;Rockmelon
Braun-Wunsch;Silverbeet
Braun-Wunsch;Tahini
Braun-Wunsch;Tamarillo
Braun-Wunsch;Turnips
Braun-Wunsch;Beef
Braun-Wunsch;Bonza
Braun-Wunsch;Elderberry
Braun-Wunsch;Tamarillo
Braun-Wunsch;Turnips
Braun-Wunsch;Achacha
Braun-Wunsch;Berries
Braun-Wunsch;Canola Oil
Braun-Wunsch;Cornmeal
Braun-Wunsch;Cream Cheese
Braun-Wunsch;Mahlab
Braun-Wunsch;Smoked Trout
Braun-Wunsch;Soy Beans
Schinner;Cauliflower
Schinner;Chives
Schinner;Corn Oil
Schinner;Pecan Nut
Schinner;Soymilk
Schinner;Vegetable Oil
Schinner;Apples
Schinner;Butter
Schinner;Cacao
Schinner;Corn Oil
Schinner;Cream Cheese
Schinner;Oatmeal
Schinner;Smoked Trout
Schinner;Soy Beans
Schinner;Beef
Schinner;Bonza
Schinner;Elderberry
Schinner;Tamarillo
Schinner;Turnips
Schinner;Beef
Schinner;Black Eyed Beans
Schinner;Chia Seeds
Schinner;Nutritional Yeast
Schinner;Rice Noodles
Schinner;Taleggio Cheese
Schinner;Turnips
Schinner;William Pear
Lockman-Wintheiser;Cauliflower
Lockman-Wintheiser;Cornmeal
Lockman-Wintheiser;Rice Flour
Lockman-Wintheiser;Rose Water
Lockman-Wintheiser;Soymilk
Lockman-Wintheiser;Beef
Lockman-Wintheiser;Elderberry
Lockman-Wintheiser;Flat Mushrooms
Lockman-Wintheiser;Nutritional Yeast
Lockman-Wintheiser;Pecan Nut
Lockman-Wintheiser;Pork
Lockman-Wintheiser;Smoked Trout
Lockman-Wintheiser;Vegetable Stock
Lockman-Wintheiser;Achacha
Lockman-Wintheiser;Bonza
Lockman-Wintheiser;Corn Oil
Lockman-Wintheiser;Cottage Cheese
Lockman-Wintheiser;Dried Apricots
Lockman-Wintheiser;Omega Spread
Lockman-Wintheiser;Pork
Lockman-Wintheiser;Tinned
Feest;Apples
Feest;Butter
Feest;Cacao
Feest;Corn Oil
Feest;Cream Cheese
Feest;Oatmeal
Feest;Smoked Trout
Feest;Soy Beans
Feest;Cinnamon
Feest;Cream Cheese
Feest;Parsnip
Feest;Soymilk
Feest;Sunflower Oil
Feest;Tarragon
Feest;Baking Powder
Feest;Bonza
Feest;Butter
Feest;Cream Cheese
Feest;Peas
Feest;Strawberries
Ward-Heller;Baking Powder
Ward-Heller;Bean Sprouts
Ward-Heller;Cream Cheese
Ward-Heller;Pear Juice
Ward-Heller;William Pear
Ward-Heller;Beef
Ward-Heller;Black Eyed Beans
Ward-Heller;Chia Seeds
Ward-Heller;Nutritional Yeast
Ward-Heller;Rice Noodles
Ward-Heller;Taleggio Cheese
Ward-Heller;Turnips
Ward-Heller;William Pear
Ward-Heller;Fingerlime
Ward-Heller;Flaxseed Oil
Ward-Heller;Rye Bread
Ward-Heller;Sunflower Oil
Ward-Heller;Tamarillo
Schiller Group;Apples
Schiller Group;Baking Powder
Schiller Group;Extra Virgin Olive Oil
Schiller Group;Flaxseed Oil
Schiller Group;Peas
Schiller Group;Rye Bread
Schiller Group;Soymilk
Schiller Group;William Pear
Schiller Group;Baking Powder
Schiller Group;Beef
Schiller Group;Corn Oil
Schiller Group;Pear Juice
Schiller Group;Pecan Nut
Schiller Group;Rye Bread
Schiller Group;Vegetable Stock
Schiller Group;Achacha
Schiller Group;Baking Powder
Schiller Group;Oatmeal
Schiller Group;Parsnip
Schiller Group;Peas
Schiller Group;Redfish
Schiller Group;Rice Noodles
Champlin-Kemmer;Flat Mushrooms
Champlin-Kemmer;Nutritional Yeast
Champlin-Kemmer;Peas
Champlin-Kemmer;Redfish
Champlin-Kemmer;Taleggio Cheese
Champlin-Kemmer;Flat Mushrooms
Champlin-Kemmer;Nuts
Champlin-Kemmer;Peas
Champlin-Kemmer;Soymilk
Champlin-Kemmer;Spinach
Champlin-Kemmer;Berries
Champlin-Kemmer;Cottage Cheese
Champlin-Kemmer;Nuts
Champlin-Kemmer;Pork
Champlin-Kemmer;Redfish
Champlin-Kemmer;Rockmelon
Champlin-Kemmer;Rye Bread
Champlin-Kemmer;Shark
Champlin-Kemmer;Achacha
Champlin-Kemmer;Camomile
Champlin-Kemmer;Nuts
Champlin-Kemmer;Pecan Nut
Champlin-Kemmer;Plums
Champlin-Kemmer;Sunflower Seeds
Champlin-Kemmer;Tarragon
Champlin-Kemmer;Vegetable Oil
White-Stroman;Apples
White-Stroman;Baking Powder
White-Stroman;Extra Virgin Olive Oil
White-Stroman;Flaxseed Oil
White-Stroman;Peas
White-Stroman;Rye Bread
White-Stroman;Soymilk
White-Stroman;William Pear
White-Stroman;Achacha
White-Stroman;Baking Powder
White-Stroman;Oatmeal
White-Stroman;Parsnip
White-Stroman;Peas
White-Stroman;Redfish
White-Stroman;Rice Noodles
White-Stroman;Berries
White-Stroman;Cottage Cheese
White-Stroman;Nuts
White-Stroman;Pork
White-Stroman;Redfish
White-Stroman;Rockmelon
White-Stroman;Rye Bread
White-Stroman;Shark
White-Stroman;Achacha
White-Stroman;Black Eyed Beans
White-Stroman;Cardamom
White-Stroman;Hokkien Noodles
White-Stroman;Strawberries
White-Stroman;Warehou
White-Stroman;William Pear
White-Stroman;Camomile
White-Stroman;Flaxseed Oil
White-Stroman;Lychees
White-Stroman;Mastic
White-Stroman;Strawberries
Hodkiewicz;Achacha
Hodkiewicz;Baking Powder
Hodkiewicz;Oatmeal
Hodkiewicz;Parsnip
Hodkiewicz;Peas
Hodkiewicz;Redfish
Hodkiewicz;Rice Noodles
Hodkiewicz;Baking Powder
Hodkiewicz;Beef
Hodkiewicz;Berries
Hodkiewicz;Black Eyed Beans
Hodkiewicz;Feta
Hodkiewicz;Tahini
Hodkiewicz;Camomile
Hodkiewicz;Loquats
Hodkiewicz;Rose Water
Hodkiewicz;Saffron
Hodkiewicz;Smoked Trout
Hodkiewicz;Soy Beans
Hodkiewicz;Tapioca Flour
Hodkiewicz;Vegetable Oil
Hodkiewicz;Cardamom
Hodkiewicz;Chia Seeds
Hodkiewicz;Cream Cheese
Hodkiewicz;Green Tea Noodles
Hodkiewicz;Lychees
Hodkiewicz;Provolone
Hodkiewicz;Silverbeet
Hodkiewicz;Tamarillo
Hodkiewicz;Cauliflower
Hodkiewicz;Cornmeal
Hodkiewicz;Rice Flour
Hodkiewicz;Rose Water
Hodkiewicz;Soymilk
McCullough;Bacon
McCullough;Cornmeal
McCullough;Ham
McCullough;Jasmine Rice
McCullough;Loquats
McCullough;Pecan Nut
McCullough;Sunflower Oil
McCullough;Canola Oil
McCullough;Fingerlime
McCullough;Rice Noodles
McCullough;Tahini
McCullough;Tarragon
McCullough;Achacha
McCullough;Bonza
McCullough;Corn Oil
McCullough;Cottage Cheese
McCullough;Dried Apricots
McCullough;Omega Spread
McCullough;Pork
McCullough;Tinned
Hintz Group;Bacon
Hintz Group;Cottage Cheese
Hintz Group;Flaxseed Oil
Hintz Group;Rockmelon
Hintz Group;Silverbeet
Hintz Group;Tahini
Hintz Group;Tamarillo
Hintz Group;Turnips
Hintz Group;Achacha
Hintz Group;Cottage Cheese
Hintz Group;Mahlab
Hintz Group;Salmon
Hintz Group;Sunflower Oil
Hintz Group;Bacon
Hintz Group;Cornmeal
Hintz Group;Ham
Hintz Group;Jasmine Rice
Hintz Group;Loquats
Hintz Group;Pecan Nut
Hintz Group;Sunflower Oil
Goldner LLC;Bonza
Goldner LLC;Cottage Cheese
Goldner LLC;Freekeh
Goldner LLC;Hokkien Noodles
Goldner LLC;Nuts
Goldner LLC;Parsnip
Goldner LLC;Achacha
Goldner LLC;Bean Sprouts
Goldner LLC;Beef
Goldner LLC;Black Eyed Beans
Goldner LLC;Bonza
Goldner LLC;Mahlab
Goldner LLC;Shark
Goldner LLC;White Wine
Goldner LLC;Butter
Goldner LLC;Green Tea Noodles
Goldner LLC;Parsnip
Goldner LLC;Pork
Goldner LLC;Tahini
Goldner LLC;Tarragon
Goldner LLC;Warehou
Goldner LLC;Berries
Goldner LLC;Camomile
Goldner LLC;Cinnamon
Goldner LLC;Redfish
Goldner LLC;Rose Water
Goldner LLC;Vegetable Oil
Goldner LLC;Apples
Goldner LLC;Apricots
Goldner LLC;Cornmeal
Goldner LLC;Pear Juice
Goldner LLC;Plums
Goldner LLC;Silverbeet
Goldner LLC;Wakame
Hegmann Inc;Camomile
Hegmann Inc;Flaxseed Oil
Hegmann Inc;Lychees
Hegmann Inc;Mastic
Hegmann Inc;Strawberries
Hegmann Inc;Dried Apricots
Hegmann Inc;Hokkien Noodles
Hegmann Inc;Kombu
Hegmann Inc;Rockmelon
Hegmann Inc;Rye Bread
Hegmann Inc;Sunflower Seeds
Hegmann Inc;Tahini
Hegmann Inc;Tapioca Flour
Hegmann Inc;Achacha
Hegmann Inc;Cottage Cheese
Hegmann Inc;Mahlab
Hegmann Inc;Salmon
Hegmann Inc;Sunflower Oil
Hegmann Inc;Camomile
Hegmann Inc;Loquats
Hegmann Inc;Rose Water
Hegmann Inc;Saffron
Hegmann Inc;Smoked Trout
Hegmann Inc;Soy Beans
Hegmann Inc;Tapioca Flour
Hegmann Inc;Vegetable Oil
Hegmann Inc;Achacha
Hegmann Inc;Black Eyed Beans
Hegmann Inc;Cardamom
Hegmann Inc;Hokkien Noodles
Hegmann Inc;Strawberries
Hegmann Inc;Warehou
Hegmann Inc;William Pear
Franecki Group;Beef
Franecki Group;Bonza
Franecki Group;Elderberry
Franecki Group;Tamarillo
Franecki Group;Turnips
Franecki Group;Bonza
Franecki Group;Cottage Cheese
Franecki Group;Freekeh
Franecki Group;Hokkien Noodles
Franecki Group;Nuts
Franecki Group;Parsnip
Franecki Group;Baking Powder
Franecki Group;Bean Sprouts
Franecki Group;Cream Cheese
Franecki Group;Pear Juice
Franecki Group;William Pear
Franecki Group;Achacha
Franecki Group;Bonza
Franecki Group;Corn Oil
Franecki Group;Cottage Cheese
Franecki Group;Dried Apricots
Franecki Group;Omega Spread
Franecki Group;Pork
Franecki Group;Tinned
Ernser;Bean Sprouts
Ernser;Extra Virgin Olive Oil
Ernser;Oatmeal
Ernser;Provolone
Ernser;Silverbeet
Ernser;Soy Beans
Ernser;Baking Powder
Ernser;Bean Sprouts
Ernser;Cream Cheese
Ernser;Pear Juice
Ernser;William Pear
Ernser;Achacha
Ernser;Baking Powder
Ernser;Black Eyed Beans
Ernser;Rockmelon
Ernser;Tapioca Flour
Ernser;Corn Oil
Ernser;Ham
Ernser;Kidneys
Ernser;Nutritional Yeast
Ernser;Parsnip
Ernser;Peas
Ernser;Rose Water
Ernser;Shark
Ernser;Baking Powder
Ernser;Bonza
Ernser;Butter
Ernser;Cream Cheese
Ernser;Peas
Ernser;Strawberries
Willms;Achacha
Willms;Cottage Cheese
Willms;Mahlab
Willms;Salmon
Willms;Sunflower Oil
Willms;Baking Powder
Willms;Kombu
Willms;Mahlab
Willms;Provolone
Willms;Soymilk
Willms;Strawberries
Willms;Tamarillo
Willms;Tarragon
Willms;Bacon
Willms;Cottage Cheese
Willms;Flaxseed Oil
Willms;Rockmelon
Willms;Silverbeet
Willms;Tahini
Willms;Tamarillo
Willms;Turnips
Grant-Hand;Black Eyed Beans
Grant-Hand;Curry Powder
Grant-Hand;Feta
Grant-Hand;Jasmine Rice
Grant-Hand;Soymilk
Grant-Hand;Vegetable Oil
Grant-Hand;Bacon
Grant-Hand;Cornmeal
Grant-Hand;Ham
Grant-Hand;Jasmine Rice
Grant-Hand;Loquats
Grant-Hand;Pecan Nut
Grant-Hand;Sunflower Oil
Grant-Hand;Baking Powder
Grant-Hand;Beef
Grant-Hand;Corn Oil
Grant-Hand;Pear Juice
Grant-Hand;Pecan Nut
Grant-Hand;Rye Bread
Grant-Hand;Vegetable Stock
Grant-Hand;Chia Seeds
Grant-Hand;Cornmeal
Grant-Hand;Extra Virgin Olive Oil
Grant-Hand;Iceberg Lettuce
Grant-Hand;Provolone
Grant-Hand;Tapioca Flour
Hayes;Berries
Hayes;Camomile
Hayes;Cinnamon
Hayes;Redfish
Hayes;Rose Water
Hayes;Vegetable Oil
Hayes;Fingerlime
Hayes;Flaxseed Oil
Hayes;Rye Bread
Hayes;Sunflower Oil
Hayes;Tamarillo
Hayes;Bean Sprouts
Hayes;Extra Virgin Olive Oil
Hayes;Oatmeal
Hayes;Provolone
Hayes;Silverbeet
Hayes;Soy Beans
Funk;Baking Powder
Funk;Bean Sprouts
Funk;Cream Cheese
Funk;Pear Juice
Funk;William Pear
Funk;Berries
Funk;Camomile
Funk;Cinnamon
Funk;Redfish
Funk;Rose Water
Funk;Vegetable Oil
Funk;Beef
Funk;Black Eyed Beans
Funk;Chia Seeds
Funk;Nutritional Yeast
Funk;Rice Noodles
Funk;Taleggio Cheese
Funk;Turnips
Funk;William Pear
Funk;Butter
Funk;Green Tea Noodles
Funk;Parsnip
Funk;Pork
Funk;Tahini
Funk;Tarragon
Funk;Warehou
Funk;Baking Powder
Funk;Beef
Funk;Berries
Funk;Black Eyed Beans
Funk;Feta
Funk;Tahini
Kuhn-Dach;Achacha
Kuhn-Dach;Camomile
Kuhn-Dach;Nuts
Kuhn-Dach;Pecan Nut
Kuhn-Dach;Plums
Kuhn-Dach;Sunflower Seeds
Kuhn-Dach;Tarragon
Kuhn-Dach;Vegetable Oil
Kuhn-Dach;Apples
Kuhn-Dach;Baking Powder
Kuhn-Dach;Extra Virgin Olive Oil
Kuhn-Dach;Flaxseed Oil
Kuhn-Dach;Peas
Kuhn-Dach;Rye Bread
Kuhn-Dach;Soymilk
Kuhn-Dach;William Pear
Kuhn-Dach;Bean Sprouts
Kuhn-Dach;Extra Virgin Olive Oil
Kuhn-Dach;Oatmeal
Kuhn-Dach;Provolone
Kuhn-Dach;Silverbeet
Kuhn-Dach;Soy Beans
Kuhn-Dach;Achacha
Kuhn-Dach;Bonza
Kuhn-Dach;Corn Oil
Kuhn-Dach;Cottage Cheese
Kuhn-Dach;Dried Apricots
Kuhn-Dach;Omega Spread
Kuhn-Dach;Pork
Kuhn-Dach;Tinned
Kuhn-Dach;Coriander Leaves
Kuhn-Dach;Elderberry
Kuhn-Dach;English Spinach
Kuhn-Dach;Oatmeal
Kuhn-Dach;Tinned
